canyon_id,road_id,width,avg_height,aspect_ratio,road_length,orientation_rad,lat,lon
57007,73868,15.0,50.333333333333336,3.355555555555556,396.37159949009526,3.129018121678205,45.48414069894499,9.189691892022879
36631,47089,15.0,50.333333333333336,3.355555555555556,396.37159949009526,-0.012574531911588,45.484140698945,9.18969189202288
57005,73866,15.0,50.333333333333336,3.355555555555556,361.55200684624793,-3.1328068982954536,45.4841139515013,9.189592434852688
104803,135839,15.0,88.0,5.866666666666666,56.52227045091556,1.3934019679180485,45.48399580153754,9.189491994000464
186104,229196,15.0,88.0,5.866666666666666,56.52227045091556,-1.7481906856717448,45.48399580153754,9.189491994000464
186012,229073,15.0,57.6,3.84,128.8819975393197,2.3720543848614293,45.48398767829124,9.189982425205443
186106,229198,15.0,57.6,3.84,128.8819975393197,-0.7695382687283642,45.48398767829126,9.189982425205441
93158,121036,15.0,126.0,8.4,37.408552678335965,2.6380211699554423,45.483779798760615,9.189596601384611
104802,135838,15.0,126.0,8.4,37.40855267833596,-0.503571483634351,45.483779798760615,9.18959660138461
56974,73830,15.0,50.0,3.333333333333333,291.19434402216456,0.1228551928898879,45.48408290904755,9.189401747753346
117011,149513,15.0,88.0,5.866666666666666,105.1998885878142,-2.9369493916276035,45.48423496573904,9.189999746194923
186107,229199,15.0,88.0,5.866666666666666,105.1998885878142,0.2046432619621895,45.484234965739034,9.189999746194923
61772,79955,15.0,100.66666666666669,6.711111111111111,114.28969223636054,0.1550576364295604,45.48378531422653,9.189355575842093
93161,121039,15.0,100.66666666666669,6.711111111111111,114.28969223636054,-2.9865350171602327,45.48378531422653,9.189355575842095
93171,121051,15.0,126.0,8.4,30.594312847372088,0.2044765792694592,45.48381105917907,9.189313362313849
104801,135837,15.0,126.0,8.4,30.594312847372088,-2.937116074320334,45.48381105917907,9.189313362313849
93160,121038,15.0,126.0,8.4,45.14939043544025,-2.416312082054876,45.48360786769592,9.189588506458781
93173,121055,15.0,126.0,8.4,45.14939043544025,0.725280571534918,45.48360786769592,9.189588506458781
242611,300803,15.0,88.0,5.866666666666666,98.623490084688,-0.5386502252879346,45.48436980654549,9.189314119802447
186105,229197,15.0,88.0,5.866666666666666,98.623490084688,2.6029424283018585,45.4843698065455,9.189314119802448
93169,121049,15.0,126.0,8.4,45.0637123761894,-1.1067024118451465,45.4836552,9.189273
93172,121052,15.0,126.0,8.4,45.0637123761894,2.034890241744647,45.4836552,9.189273
93159,121037,15.0,92.66666666666669,6.177777777777778,60.252667881957926,-1.5202801174920952,45.48353554772734,9.189799455126991
93165,121043,15.0,92.66666666666669,6.177777777777778,60.252667881957926,1.621312536097698,45.483535547727335,9.189799455126987
93179,121065,15.0,100.66666666666669,6.711111111111111,27.220200633469748,0.806768169052607,45.48372821830275,9.18909350174221
93170,121050,15.0,100.66666666666669,6.711111111111111,27.220200633469748,-2.334824484537186,45.483728218302765,9.189093501742212
153272,193622,15.0,65.2,4.346666666666667,124.85960126647336,-2.6076099774986514,45.48406913900047,9.188939617420315
116998,149482,15.0,65.2,4.346666666666667,124.85960126647332,0.533982676091142,45.48406913900047,9.188939617420315
86374,112775,15.0,47.0,3.1333333333333333,93.09587031327486,1.6404466868525909,45.484013026767215,9.190489723624038
117010,149512,15.0,47.0,3.1333333333333333,93.09587031327486,-1.5011459667372025,45.484013026767215,9.190489723624038
186013,229074,15.0,50.5,3.3666666666666667,45.85886997923606,-2.088026019135348,45.483545962553215,9.190188533842308
186101,229193,15.0,50.5,3.3666666666666667,45.85886997923606,1.053566634454445,45.483545962553215,9.19018853384231
86372,112773,15.0,58.66666666666666,3.911111111111111,26.375380976748943,-2.687278386960628,45.48368425,9.190413549999999
186011,229072,15.0,58.66666666666666,3.911111111111111,26.375380976748943,0.4543142666291653,45.48368425,9.190413549999999
99251,128569,15.0,58.66666666666666,3.911111111111111,12.211562658131566,-1.1955751929004677,45.48387524047755,9.19057068793396
104711,135722,15.0,58.66666666666666,3.911111111111111,112.7957000225023,-1.492254260082892,45.4839663775842,9.19058827437455
215002,263843,15.0,58.66666666666666,3.911111111111111,112.7957000225023,1.6493383935069017,45.4839663775842,9.19058827437455
93182,121068,15.0,75.0,5.0,16.285221702034008,1.258894699338465,45.48361275672788,9.188989853020116
93178,121064,15.0,75.0,5.0,16.285221702034008,-1.882697954251328,45.48361275672788,9.188989853020116
93167,121045,15.0,63.333333333333336,4.222222222222222,40.40914948473046,0.2109800759489397,45.483388911608216,9.189934866721638
186103,229195,15.0,63.333333333333336,4.222222222222222,40.40914948473046,-2.9306125776408534,45.483388911608216,9.189934866721638
104712,135723,15.0,12.0,0.8,9.756583705839423,-2.900024177379691,45.484312939217034,9.190504351861824
117012,149514,15.0,12.0,0.8,9.756583705839423,0.2415684762101021,45.484312939217034,9.190504351861824
86373,112774,15.0,50.5,3.3666666666666667,106.6204800790362,0.0,45.48358970426756,9.1904196449514
93174,121058,15.0,38.0,2.533333333333333,41.99303889893887,1.924605002836276,45.483362650000004,9.18949245
93177,121061,15.0,38.0,2.533333333333333,41.99303889893887,-1.2169876507535171,45.483362650000004,9.18949245
56970,73826,15.0,75.0,5.0,13.987644065665572,-0.3390462503586267,45.483639350000004,9.188899450000001
61770,79953,15.0,75.0,5.0,13.987644065665572,2.8025464032311667,45.483639350000004,9.188899450000001
104707,135717,15.0,12.0,0.8,62.29122970327824,0.1347378965686194,45.48467085392307,9.189686349627005
104709,135719,15.0,12.0,0.8,62.29122970327824,-3.006854757021174,45.48467085392307,9.189686349627005
242610,300802,15.0,56.0,3.733333333333333,6.6579163189174215,-1.7303106946620743,45.4844011,9.188933449999999
242649,300845,15.0,56.0,3.733333333333333,6.6579163189174215,1.4112819589277188,45.4844011,9.188933449999999
93168,121046,15.0,38.0,2.533333333333333,42.38137881099862,-2.5582926607005496,45.483425885415826,9.189200029295066
93498,121443,15.0,38.0,2.533333333333333,42.38137881099862,0.5832999928892438,45.483425885415826,9.189200029295066
104710,135720,15.0,12.0,0.8,64.10293037250408,-0.5896554782037607,45.48458470816313,9.190202788165568
117008,149498,15.0,12.0,0.8,64.10293037250408,2.5519371753860325,45.48458470816313,9.190202788165568
56972,73828,15.0,75.0,5.0,7.783564561310238,1.9246910761690696,45.483675888192984,9.188841206221658
91074,118672,15.0,75.0,5.0,7.783564561310238,-1.2169015774207232,45.483675888192984,9.188841206221658
186102,229194,15.0,63.333333333333336,4.222222222222222,32.13346812606617,0.0004947269858806,45.48341017530283,9.190256348052152
186111,229205,15.0,63.333333333333336,4.222222222222222,32.13346812606617,-3.1410979266039125,45.48341017530283,9.190256348052152
93180,121066,15.0,54.0,3.6,60.19051240328412,2.743071718630574,45.48373248684754,9.188765968721048
116999,149483,15.0,54.0,3.6,60.19051240328412,-0.3985209349592192,45.48373248684754,9.188765968721048
93166,121044,15.0,76.0,5.066666666666666,29.515549720727883,-2.4551571906153757,45.483288110322476,9.189663843367107
93175,121059,15.0,76.0,5.066666666666666,29.515549720727883,0.6864354629744177,45.48328811032247,9.189663843367107
91068,118662,15.0,75.0,5.0,8.765130106280285,1.2623943711421273,45.48366109999999,9.188810649999999
91073,118671,15.0,75.0,5.0,8.765130106280285,-1.8791982824476656,45.48366109999999,9.188810649999999
56971,73827,15.0,75.0,5.0,7.83897340065583,-2.55830297949239,45.48363604474137,9.188823865196188
91069,118663,15.0,75.0,5.0,7.83897340065583,0.5832896740974031,45.48363604474137,9.188823865196188
242663,300859,15.0,56.0,3.733333333333333,49.435352909961374,0.5713434751230844,45.48430089897477,9.18875659540246
242650,300846,15.0,56.0,3.733333333333333,49.43535290996137,-2.570249178466709,45.48430089897477,9.18875659540246
104708,135718,15.0,12.0,0.8,8.323316371971003,0.1339344430235945,45.48470069999999,9.190000649999998
219301,269310,15.0,12.0,0.8,8.323316371971003,-3.007658210566199,45.48470069999999,9.190000649999998
57010,73872,15.0,47.5,3.1666666666666665,69.289581372946,-0.4572978253949962,45.48372052570775,9.190683929988998
93497,121442,15.0,58.66666666666666,3.911111111111111,36.50538174350601,1.8089917535952744,45.48344760649519,9.188990435471112
93181,121067,15.0,58.66666666666666,3.911111111111111,36.50538174350601,-1.332600899994519,45.483447606495204,9.188990435471112
48474,63377,15.0,54.0,3.6,30.483877878859104,-0.1865561283595818,45.48371500861993,9.188694202783088
91075,118673,15.0,54.0,3.6,30.483877878859104,2.9550365252302115,45.483715008619924,9.18869420278309
57009,73871,15.0,47.5,3.1666666666666665,38.22689816557735,-0.4572978253949962,45.48378004704376,9.190742664712824
48476,63379,15.0,54.0,3.6,32.040767436210025,-0.3384372117770708,45.48368748749994,9.188704446921875
56973,73829,15.0,54.0,3.6,32.040767436210025,2.8031554418127222,45.48368748749994,9.188704446921875
61771,79954,15.0,58.66666666666666,3.911111111111111,92.93814322648836,-1.033209140087746,45.48334943200923,9.189065755501826
117037,149582,15.0,58.66666666666666,3.911111111111111,92.93814322648836,2.1083835135020474,45.48334943200923,9.189065755501826
117007,149495,15.0,12.0,0.8,42.24462230110458,1.651254151164804,45.484605299999984,9.190426949999999
117014,149516,15.0,12.0,0.8,42.24462230110458,-1.490338502424989,45.484605299999984,9.190426949999999
93163,121041,15.0,38.0,2.533333333333333,23.926977645889863,0.1296077322850879,45.483223432986314,9.189452708854116
93176,121060,15.0,38.0,2.533333333333333,23.926977645889863,-3.0119849213047054,45.48322343298631,9.189452708854114
242648,300844,15.0,41.333333333333336,2.7555555555555555,52.25141017970664,0.0798334798267708,45.48437222061584,9.188694864468763
242651,300847,15.0,41.333333333333336,2.7555555555555555,52.25141017970664,-3.0617591737630225,45.48437222061583,9.188694864468763
48475,63378,15.0,54.0,3.6,32.14800146137593,-0.4909073666801024,45.483666413182995,9.188669685251226
91070,118664,15.0,54.0,3.6,32.14800146137593,2.650685286909691,45.48366641318301,9.188669685251229
242643,300839,15.0,41.333333333333336,2.7555555555555555,55.55474917661044,-0.2330553806035655,45.4844799184823,9.18876358293728
242612,300804,15.0,41.333333333333336,2.7555555555555555,55.55474917661045,2.908537272986228,45.48447991848229,9.188763582937279
117015,149518,15.0,12.0,0.8,41.975949989447926,-3.013771009907663,45.48472108559626,9.190224696825048
219303,269312,15.0,12.0,0.8,41.975949989447926,0.1278216436821302,45.48472108559626,9.190224696825048
99250,128568,15.0,47.5,3.1666666666666665,69.35521795542428,-0.4877929820321655,45.483811367902305,9.190828442058287
93164,121042,15.0,38.0,2.533333333333333,39.98420623189257,2.605470397807511,45.48326553110559,9.189189384844617
93500,121445,15.0,38.0,2.533333333333333,39.98420623189257,-0.5361222557822822,45.48326553110559,9.189189384844617
215000,263841,15.0,42.8,2.853333333333333,35.521051988000835,1.5707963267948966,45.48350044418566,9.1906296
215003,263844,15.0,42.8,2.853333333333333,35.521051988000835,-1.5707963267948966,45.48350044418566,9.1906296
93183,121069,15.0,54.0,3.6,64.54061314753584,2.996872497840448,45.48358973702048,9.188683741682098
93186,121072,15.0,54.0,3.6,64.54061314753582,-0.144720155749345,45.48358973702047,9.188683741682098
186109,229203,15.0,50.5,3.3666666666666667,25.329270143646397,-0.1200148951880309,45.48339815,9.19051345
214998,263839,15.0,50.5,3.3666666666666667,25.329270143646397,3.0215777584017625,45.48339815,9.19051345
93162,121040,15.0,38.0,2.533333333333333,5.991176484663415,-1.7937476079539476,45.4832009,9.18934065
117036,149581,15.0,38.0,2.533333333333333,5.991176484663415,1.3478450456358455,45.4832009,9.18934065
242659,300855,15.0,41.333333333333336,2.7555555555555555,12.389052969213015,0.8004808296342709,45.48419190843194,9.18853384390134
242662,300858,15.0,41.333333333333336,2.7555555555555555,12.389052969213015,-2.341111823955522,45.48419190843194,9.18853384390134
104683,135681,15.0,47.5,3.1666666666666665,37.55547312673984,-2.864525432896152,45.48364444999999,9.190788649999998
215001,263842,15.0,47.5,3.1666666666666665,37.55547312673984,0.2770672206936412,45.48364444999999,9.190788649999998
91072,118670,15.0,38.0,2.533333333333333,18.954977861239037,0.8305174926549149,45.48329960636527,9.188989454832377
93499,121444,15.0,38.0,2.533333333333333,18.954977861239037,-2.3110751609348785,45.48329960636527,9.188989454832377
48477,63380,15.0,54.0,3.6,12.369851806467606,2.8026980829674293,45.483733932285794,9.188516295615766
93190,121076,15.0,54.0,3.6,12.369851806467606,-0.3388945706223641,45.483733932285794,9.188516295615766
93188,121074,15.0,54.0,3.6,11.230774833186024,1.0153546384533316,45.48377694999999,9.1884905
116997,149481,15.0,54.0,3.6,11.230774833186024,-2.1262380151364617,45.48377694999999,9.1884905
242647,300843,15.0,41.333333333333336,2.7555555555555555,24.645200705033844,-1.0456102356091583,45.48428704999999,9.1885171
242661,300857,15.0,41.333333333333336,2.7555555555555555,24.645200705033844,2.095982417980635,45.48428704999999,9.1885171
104684,135682,15.0,13.0,0.8666666666666667,86.24847028592342,1.537361149991879,45.483948227002706,9.190964263961147
117009,149501,15.0,13.0,0.8666666666666667,86.24847028592342,-1.6042315035979149,45.483948227002706,9.190964263961147
93187,121073,15.0,54.0,3.6,12.726681082289476,-1.9935041008914525,45.48371035,9.188440449999998
93192,121078,15.0,54.0,3.6,12.726681082289476,1.1480885526983409,45.48371035,9.188440449999998
145722,184237,15.0,53.625,3.575,69.24347269953648,1.5535600562372809,45.483190542125726,9.190386567590727
186110,229204,15.0,53.625,3.575,69.2434726995365,-1.588032597352513,45.48319054212571,9.190386567590723
242642,300838,15.0,12.0,0.8,22.868904253735867,-1.9267975299238815,45.4844217,9.1884974
242645,300841,15.0,12.0,0.8,22.868904253735867,1.2147951236659114,45.4844217,9.1884974
230768,284523,15.0,21.75,1.45,14.047747171421896,-1.7267452478847627,45.4848609,9.189123299999999
230771,284526,15.0,21.75,1.45,14.047747171421896,1.4148474057050304,45.4848609,9.189123299999999
57015,73879,15.0,13.0,0.8666666666666667,23.230698866687003,-0.1932567717646039,45.483721430565744,9.191000597335751
242618,300811,15.0,34.0,2.2666666666666666,31.99396818341922,-0.5633109094393807,45.48421770553924,9.188373602453229
242660,300856,15.0,34.0,2.2666666666666666,31.99396818341922,2.5782817441504124,45.48421770553924,9.188373602453229
99560,129048,15.0,29.33333333333333,1.9555555555555555,32.549887464082964,1.3518681219095492,45.483082670447196,9.189302232550713
117038,149583,15.0,29.33333333333333,1.9555555555555555,32.549887464082964,-1.789724531680244,45.483082670447196,9.189302232550713
242614,300807,15.0,56.0,3.733333333333333,51.41747192248092,0.746812000831519,45.48404673671933,9.188331418628916
242658,300854,15.0,56.0,3.733333333333333,51.41747192248093,-2.3947806527582745,45.48404673671933,9.188331418628918
117003,149489,15.0,18.5,1.2333333333333334,71.47387752774067,-2.119726590169704,45.48489671867108,9.19020461735713
219302,269311,15.0,18.5,1.2333333333333334,71.47387752774067,1.0218660634200891,45.48489671867108,9.19020461735713
242639,300835,15.0,12.0,0.8,3.049280173615135,-0.7216109946884701,45.48449442948536,9.188522532447115
242644,300840,15.0,12.0,0.8,3.049280173615135,2.419981658901323,45.48449442948536,9.188522532447115
242646,300842,15.0,12.0,0.8,11.434649615003783,-2.834061133355033,45.484343299999985,9.18841265
242652,300848,15.0,12.0,0.8,11.434649615003783,0.3075315202347602,45.484343299999985,9.18841265
93184,121070,15.0,54.0,3.6,8.62219455953628,1.3122929108628425,45.48364755,9.1884071
93191,121077,15.0,54.0,3.6,8.62219455953628,-1.8292997427269504,45.48364755,9.1884071
56975,73831,15.0,54.0,3.6,11.203968703865812,-0.7270082425302474,45.483697257132846,9.18837940444798
93193,121079,15.0,54.0,3.6,11.203968703865812,2.414584411059546,45.483697257132846,9.18837940444798
56981,73838,15.0,54.0,3.6,49.47580614189793,-0.6349119471154161,45.48384736051414,9.188290380273182
93189,121075,15.0,54.0,3.6,49.475806141897934,2.506680706474377,45.48384736051414,9.188290380273182
242653,300849,15.0,12.0,0.8,9.50283488744564,-2.525497862479695,45.48431606528951,9.1883284612354
242665,300861,15.0,12.0,0.8,9.50283488744564,0.6160947911100982,45.48431606528951,9.1883284612354
230739,284481,15.0,21.75,1.45,6.429595132097476,-2.131199530058625,45.485016749999986,9.189707949999999
230755,284497,15.0,21.75,1.45,6.429595132097476,1.0103931235311678,45.485016749999986,9.189707949999999
93185,121071,15.0,54.0,3.6,18.206634929210164,-1.7098666925868775,45.483565758642996,9.18838083495468
115288,147568,15.0,54.0,3.6,18.206634929210164,1.4317259610029156,45.48356575864301,9.188380834954682
99557,129045,15.0,29.33333333333333,1.9555555555555555,8.384909670131341,1.590711899119318,45.483001300000005,9.189358649999999
99574,129062,15.0,29.33333333333333,1.9555555555555555,8.384909670131341,-1.550880754470475,45.483001300000005,9.189358649999999
56977,73833,15.0,54.0,3.6,19.327184211945475,-0.7280666464709049,45.483761217408436,9.188277010911946
56976,73832,15.0,54.0,3.6,19.32718421194547,2.413526007118888,45.483761217408436,9.188277010911946
117001,149487,15.0,21.75,1.45,55.78946454505437,-1.492898932492715,45.484913049999996,9.1903922
117013,149515,15.0,21.75,1.45,55.78946454505437,1.6486937210970778,45.484913049999996,9.1903922
242616,300809,15.0,12.0,0.8,6.287627830419633,0.7297206232511381,45.484284699999996,9.188273149999997
242664,300860,15.0,12.0,0.8,6.287627830419633,-2.411872030338655,45.484284699999996,9.188273149999997
57008,73869,15.0,13.0,0.8666666666666667,28.754417865443585,3.1063690237434862,45.48380995113881,9.191164661047909
99558,129046,15.0,29.33333333333333,1.9555555555555555,3.4895053997684897,3.086965128252937,45.4829755,9.18934375
99566,129054,15.0,29.33333333333333,1.9555555555555555,3.4895053997684897,-0.0546275253368562,45.4829755,9.18934375
242613,300806,15.0,12.0,0.8,52.684239232565176,1.3738661730909183,45.484108799999994,9.188205799999999
242615,300808,15.0,12.0,0.8,52.684239232565176,-1.767726480498875,45.484108799999994,9.188205799999999
242667,300863,15.0,12.0,0.8,41.97995502762613,0.444609794264289,45.48445238194607,9.188341216505215
242641,300837,15.0,12.0,0.8,41.97995502762613,-2.6969828593255043,45.48445238194607,9.188341216505215
99561,129049,15.0,29.33333333333333,1.9555555555555555,6.42644165237918,-0.1566258511019161,45.48297859539003,9.189299582905821
99567,129055,15.0,29.33333333333333,1.9555555555555555,6.42644165237918,2.984966802487877,45.48297859539003,9.189299582905821
230740,284482,15.0,18.5,1.2333333333333334,71.48583891482193,3.004979155805671,45.48504640612132,9.189431069435736
230743,284485,15.0,18.5,1.2333333333333334,71.48583891482193,-0.136613497784122,45.48504640612132,9.189431069435736
242654,300850,15.0,12.0,0.8,22.86777317568719,2.741484190135097,45.48436045454257,9.188269101346593
242669,300865,15.0,12.0,0.8,22.86777317568719,-0.4001084634546966,45.48436045454257,9.188269101346593
230744,284486,15.0,21.75,1.45,29.68664903603941,-1.577957937675719,45.48499758628833,9.189140798300794
230770,284525,15.0,21.75,1.45,29.68664903603941,1.5636347159140742,45.48499758628833,9.189140798300794
36630,47087,15.0,56.0,3.733333333333333,9.259622873592557,-0.7279071785295693,45.48382110793541,9.188181154953883
56978,73834,15.0,56.0,3.733333333333333,9.259622873592557,2.413685475060224,45.48382110793541,9.188181154953883
99556,129044,15.0,29.33333333333333,1.9555555555555555,10.09902839605617,-1.556466206581368,45.4829431,9.18936005
99571,129059,15.0,29.33333333333333,1.9555555555555555,10.09902839605617,1.585126447008425,45.4829431,9.18936005
145721,184236,15.0,25.25,1.6833333333333331,78.20079444364367,-2.932893307282907,45.48294102041302,9.190047233203083
134589,170821,15.0,25.25,1.6833333333333331,78.20079444364367,0.208699346306886,45.48294102041303,9.190047233203085
99565,129053,15.0,29.33333333333333,1.9555555555555555,10.169798551753372,-1.659576203618858,45.482944200000006,9.18932405
99568,129056,15.0,29.33333333333333,1.9555555555555555,10.169798551753372,1.4820164499709352,45.482944200000006,9.18932405
99559,129047,15.0,29.33333333333333,1.9555555555555555,10.185883341202247,-1.7688061325802868,45.48295094999999,9.1892622
99562,129050,15.0,29.33333333333333,1.9555555555555555,10.185883341202247,1.3727865210095065,45.48295094999999,9.1892622
16085,20377,15.0,54.0,3.6,37.19095025497681,0.8275473772449191,45.48363079498131,9.188231938212454
104704,135714,15.0,21.75,1.45,66.91266648461635,-1.4778306088789357,45.4849591,9.1904742
117016,149519,15.0,21.75,1.45,66.91266648461635,1.663762044710858,45.4849591,9.1904742
230769,284524,15.0,21.75,1.45,93.2055956726087,-2.872924494544963,45.484996765586885,9.189026612589673
230767,284516,15.0,21.75,1.45,93.2055956726087,0.2686681590448301,45.484996765586885,9.189026612589675
242638,300834,15.0,12.0,0.8,23.138647170065944,-0.3139205297796343,45.4843204209201,9.188195354757704
242666,300862,15.0,12.0,0.8,23.138647170065944,2.8276721238101588,45.4843204209201,9.188195354757704
230741,284483,15.0,19.166666666666668,1.277777777777778,47.98185798956335,0.0027359378356753,45.485102864948736,9.189818959944851
230756,284498,15.0,19.166666666666668,1.277777777777778,47.98185798956335,-3.138856715754118,45.485102864948736,9.189818959944851
242617,300810,15.0,12.0,0.8,34.3794115491113,-2.31896485025819,45.484192119934235,9.188147072704364
242674,300871,15.0,12.0,0.8,34.3794115491113,0.8226278033316033,45.484192119934235,9.188147072704364
56979,73835,15.0,56.0,3.733333333333333,18.161880016395227,-2.3877152039458203,45.48376134921813,9.188153590755924
99569,129057,15.0,29.33333333333333,1.9555555555555555,4.533484437805294,-0.0350295320121586,45.4829118,9.189340349999998
99572,129060,15.0,29.33333333333333,1.9555555555555555,4.533484437805294,3.1065631215776346,45.4829118,9.189340349999998
99570,129058,15.0,29.33333333333333,1.9555555555555555,3.875437389264647,3.030749117046024,45.48291365,9.189302699999999
99575,129063,15.0,29.33333333333333,1.9555555555555555,3.875437389264647,-0.1108435365437696,45.48291365,9.189302699999999
99563,129051,15.0,29.33333333333333,1.9555555555555555,3.655001140497614,-0.1967470299929878,45.48291725,9.1892693
99576,129064,15.0,29.33333333333333,1.9555555555555555,3.655001140497614,2.944845623596805,45.48291725,9.1892693
115287,147567,15.0,23.9,1.5933333333333333,151.91002586314357,-0.8330682351978882,45.48309230874203,9.188730103765412
117034,149579,15.0,23.9,1.5933333333333333,151.9100258631436,2.308524418391905,45.483092308742044,9.188730103765415
47842,62529,15.0,25.25,1.6833333333333331,75.30281020654384,-2.901419839864483,45.482896786591944,9.190060278185435
146211,184875,15.0,25.25,1.6833333333333331,75.30281020654384,0.24017281372531,45.48289678659194,9.190060278185431
99573,129061,15.0,28.125,1.875,12.093191759400426,-1.5790989017018655,45.48287320503087,9.189361828085893
117029,149574,15.0,28.125,1.875,12.093191759400426,1.5624937518879276,45.48287320503087,9.189361828085893
134591,170823,15.0,25.25,1.6833333333333331,7.956613094748353,-1.1834288458336542,45.48284830816799,9.189723113997063
146214,184878,15.0,25.25,1.6833333333333331,7.956613094748353,1.9581638077561392,45.48284830816799,9.189723113997063
47839,62526,15.0,25.25,1.6833333333333331,5.638931501184165,1.5411801399802705,45.482954750000005,9.190389049999999
145719,184234,15.0,25.25,1.6833333333333331,5.638931501184165,-1.6004125136095229,45.482954750000005,9.190389049999999
99577,129065,15.0,29.33333333333333,1.9555555555555555,11.49121210210689,-1.7264221611057753,45.48287923533538,9.189277464900224
117032,149577,15.0,29.33333333333333,1.9555555555555555,11.49121210210689,1.415170492484018,45.48287923533538,9.189277464900224
242637,300833,15.0,12.0,0.8,11.31472576486224,0.6950430566443258,45.48436639623156,9.188135090922389
242668,300864,15.0,12.0,0.8,11.31472576486224,-2.446549596945468,45.48436639623156,9.188135090922389
104685,135683,15.0,13.0,0.8666666666666667,89.16115441726636,0.3853907745164712,45.48378235396356,9.19132199887146
117018,149530,15.0,13.0,0.8666666666666667,89.16115441726636,-2.756201879073322,45.48378235396356,9.19132199887146
99564,129052,15.0,29.33333333333333,1.9555555555555555,11.741636318897552,-1.7692970011804323,45.482883257076026,9.189242775271468
117035,149580,15.0,29.33333333333333,1.9555555555555555,11.741636318897552,1.3722956524093608,45.482883257076026,9.189242775271468
117028,149573,15.0,28.125,1.875,39.93466220915526,0.1465447275813017,45.48284170535962,9.189535782127342
134590,170822,15.0,28.125,1.875,39.93466220915526,-2.995047926008492,45.482841705359625,9.189535782127342
224155,276096,15.0,25.25,1.6833333333333331,73.64087631697893,-2.917614908390066,45.482857594000976,9.190070076843634
134587,170819,15.0,25.25,1.6833333333333331,73.64087631697892,0.2239777451997268,45.482857594000976,9.190070076843636
16086,20378,15.0,31.0,2.066666666666667,27.945767267147644,1.6619403282376282,45.483636673395836,9.18810887677848
80392,105481,15.0,23.375,1.5583333333333331,55.45321009031156,0.7037883771905911,45.48308453109587,9.18863935955729
91071,118667,15.0,23.375,1.5583333333333331,55.45321009031155,-2.437804276399202,45.48308453109586,9.18863935955729
44906,58394,15.0,23.375,1.5583333333333331,105.0981490182406,2.1845434326176854,45.48321183954984,9.18845016255504
242671,300868,15.0,12.0,0.8,29.112818539721832,-1.5956531164704977,45.48420445,9.188045249999998
242672,300869,15.0,12.0,0.8,29.112818539721832,1.5459395371192957,45.48420445,9.188045249999998
57004,73864,15.0,13.0,0.8666666666666667,74.44532473938162,2.6413225791042927,45.483706649999995,9.191330299999999
47840,62527,15.0,25.25,1.6833333333333331,6.41691677439686,-1.5985563975097865,45.4829168,9.190387499999998
224154,276095,15.0,25.25,1.6833333333333331,6.41691677439686,1.5430362560800066,45.4829168,9.190387499999998
57003,73863,15.0,13.0,0.8666666666666667,21.817857582091293,-2.488477773430404,45.483846140187275,9.191372291069317
44907,58395,15.0,28.125,1.875,15.221021523034578,0.3150011953422038,45.482810101224786,9.18967163499063
146212,184876,15.0,28.125,1.875,15.221021523034578,-2.8265914582475893,45.482810101224786,9.18967163499063
134588,170820,15.0,25.25,1.6833333333333331,5.070560252839024,1.9556406357127416,45.48281029729364,9.189745145313474
146213,184877,15.0,25.25,1.6833333333333331,5.070560252839024,-1.1859520178770513,45.48281029729364,9.189745145313474
117027,149572,15.0,28.125,1.875,6.643622433291216,3.014589018208909,45.48283794999999,9.189330199999999
152734,193041,15.0,28.125,1.875,6.643622433291216,-0.1270036353808845,45.48283794999999,9.189330199999999
117031,149576,15.0,29.33333333333333,1.9555555555555555,3.5036962443396806,-0.1318026701268172,45.482842003120155,9.189284995741787
152735,193042,15.0,29.33333333333333,1.9555555555555555,3.5036962443396806,3.009789983462976,45.482842003120155,9.189284995741787
117030,149575,15.0,29.33333333333333,1.9555555555555555,4.156139678506986,3.0074837438256727,45.482845250000004,9.1892509
117033,149578,15.0,29.33333333333333,1.9555555555555555,4.156139678506986,-0.1341089097641207,45.482845250000004,9.1892509
16087,20379,15.0,31.0,2.066666666666667,25.037786792887445,-1.2430662936964814,45.48362325,9.18808
242620,300813,15.0,34.0,2.2666666666666666,14.96195591325222,1.73267610831902,45.48456080085926,9.188181444408979
242678,300875,15.0,12.0,0.8,7.559011223891035,0.9910286535790956,45.48450852720337,9.188143641450162
242677,300874,15.0,12.0,0.8,23.29746441885514,0.7223444086865969,45.48443374888019,9.188090132530354
242619,300812,15.0,34.0,2.2666666666666666,8.392895732655012,1.73267610831902,45.484556314189206,9.1881600331774
61999,80296,15.0,28.125,1.875,8.577079105602355,1.4458759074373966,45.48281379638495,9.18929582024805
152736,193043,15.0,28.125,1.875,8.577079105602355,-1.6957167461523968,45.48281379638495,9.18929582024805
44908,58396,15.0,28.125,1.875,20.964134112926917,-3.045131284262343,45.482787207268586,9.189513133880027
9517,11280,15.0,28.125,1.875,20.964134112926917,0.0964613693274499,45.482787207268586,9.189513133880027
57006,73867,15.0,13.0,0.8666666666666667,28.624068324577483,-0.5227028742896997,45.4837678,9.191403300000001
57013,73876,15.0,13.0,0.8666666666666667,28.624068324577483,2.6188897793000936,45.4837678,9.191403300000001
72778,95450,15.0,23.375,1.5583333333333331,105.4045742017884,-0.8900430390898453,45.48318157338244,9.188405250117889
242657,300853,15.0,12.0,0.8,25.56938728267,0.0520798671770698,45.48408736554071,9.187951428128377
242673,300870,15.0,12.0,0.8,25.56938728267,-3.0895127864127234,45.48408736554071,9.187951428128377
104705,135715,15.0,21.75,1.45,15.208993583477678,-2.1396922419654865,45.4851285698679,9.190409478219054
117004,149490,15.0,21.75,1.45,15.208993583477678,1.0019004116243069,45.4851285698679,9.190409478219054
242676,300873,15.0,12.0,0.8,16.886743361698436,0.7223444086865969,45.48445685358223,9.18806584886788
56980,73836,15.0,12.0,0.8,40.73323637970382,2.772723448127369,45.48397644999999,9.18793835
242634,300829,15.0,12.0,0.8,40.73323637970382,-0.3688692054624241,45.48397644999999,9.18793835
9516,11279,15.0,28.125,1.875,14.322317949054124,3.0938640275471845,45.48278381535685,9.189355165363086
61996,80293,15.0,28.125,1.875,14.322317949054124,-0.0477286260426085,45.48278381535685,9.189355165363086
214999,263840,15.0,37.8,2.52,117.34347681787428,-0.4735227883917763,45.48324521727311,9.191095367319996
186009,229070,15.0,37.8,2.52,117.34347681787428,2.668069865198017,45.48324521727311,9.191095367319996
242655,300851,15.0,12.0,0.8,37.21102956118162,0.9468356564259596,45.484201,9.18795085
242670,300867,15.0,12.0,0.8,37.21102956118162,-2.1947569971638337,45.484201,9.18795085
61997,80294,15.0,24.0,1.6,69.56712526582155,2.7966400338963653,45.48284655183917,9.188995134941255
44905,58393,15.0,24.0,1.6,69.56712526582155,-0.3449526196934279,45.482846551839174,9.188995134941258
134586,170818,15.0,18.8,1.2533333333333334,26.561825384916585,-2.06805830328786,45.48274890085797,9.189682797618469
150708,190548,15.0,18.8,1.2533333333333334,26.561825384916588,1.0735343503019334,45.48274890085797,9.189682797618469
230742,284484,15.0,20.08333333333333,1.3388888888888888,31.392455200181967,1.767449221197708,45.485187550000006,9.18910745
230752,284494,15.0,20.08333333333333,1.3388888888888888,31.392455200181967,-1.3741434323920851,45.485187550000006,9.18910745
61998,80295,15.0,28.125,1.875,7.745403012572302,-1.6961638241202603,45.482762803472355,9.189286630686144
134585,170817,15.0,28.125,1.875,7.745403012572302,1.4454288294695328,45.482762803472355,9.189286630686144
45390,58972,15.0,27.166666666666668,1.8111111111111111,65.39392787559612,-0.8878939052445015,45.483183600347495,9.188248863681325
134754,171011,15.0,27.166666666666668,1.8111111111111111,65.39392787559612,2.253698748345292,45.483183600347495,9.188248863681325
153424,193779,15.0,25.3,1.6866666666666668,80.5900660645495,0.044676470206162,45.482792032473995,9.1889656907324
134584,170816,15.0,25.3,1.6866666666666668,80.5900660645495,-3.096916183383631,45.482792032473995,9.1889656907324
242626,300821,15.0,12.0,0.8,59.57997558141543,-0.6658946156299284,45.48392914432895,9.18783167146035
153262,193610,15.0,12.0,0.8,59.57997558141543,2.475698037959865,45.48392914432894,9.187831671460348
134557,170789,15.0,29.375,1.9583333333333333,124.4703022465618,-3.008501752972464,45.48532240971354,9.18962951698873
230753,284495,15.0,29.375,1.9583333333333333,124.4703022465618,0.1330909006173296,45.485322409713554,9.189629516988733
16089,20383,15.0,12.0,0.8,35.51855431821241,-2.5869376557515347,45.483726848945544,9.187850911627283
49448,64596,15.0,12.0,0.8,35.51855431821241,0.5546549978382584,45.483726848945544,9.187850911627283
242623,300816,15.0,12.0,0.8,69.93803176932923,1.0078303408059657,45.48423422608307,9.187842568753437
45389,58971,15.0,33.75,2.25,6.118664498546784,2.2493571588822263,45.4833588,9.188046649999999
96392,124791,15.0,33.75,2.25,6.118664498546784,-0.892235494707567,45.4833588,9.188046649999999
134757,171014,15.0,23.375,1.5583333333333331,15.478563036048868,2.245996867004428,45.48298714357633,9.188478797812705
134755,171012,15.0,23.375,1.5583333333333331,15.47856303604887,-0.8955957865853652,45.48298714357633,9.188478797812703
242635,300830,15.0,12.0,0.8,16.28184832448724,0.946451170973571,45.4840643,9.187810449999999
242656,300852,15.0,12.0,0.8,16.28184832448724,-2.195141482616222,45.4840643,9.187810449999999
80403,105492,15.0,27.166666666666668,1.8111111111111111,3.614169182486663,0.662427090255742,45.4830173,9.1884218
134753,171010,15.0,27.166666666666668,1.8111111111111111,3.614169182486663,-2.4791655633340515,45.4830173,9.1884218
72837,95518,15.0,33.75,2.25,4.5502757908341165,-0.8589962036793439,45.483384650000005,9.188016049999998
96391,124790,15.0,33.75,2.25,4.5502757908341165,2.282596449910449,45.483384650000005,9.188016049999998
61990,80287,15.0,28.125,1.875,13.067073909587494,1.5742039667006889,45.48269744999999,9.1892825
134583,170815,15.0,28.125,1.875,13.067073909587494,-1.5673886868891045,45.48269744999999,9.1892825
16088,20380,15.0,12.0,0.8,45.14694916270914,-2.821901923286432,45.483642376149426,9.187855802407002
242624,300819,15.0,12.0,0.8,61.937624154789255,2.3598859637722613,45.48392159318304,9.187796042020455
117002,149488,15.0,39.5,2.6333333333333333,57.28302136583355,1.661089242602451,45.485267837983436,9.190349406784215
234321,289773,15.0,39.5,2.6333333333333333,57.28302136583355,-1.480503410987342,45.485267837983436,9.190349406784215
134424,170637,15.0,35.583333333333336,2.3722222222222222,97.75126026950474,2.818504716210403,45.48290418495959,9.190806861175712
145720,184235,15.0,35.583333333333336,2.3722222222222222,97.75126026950475,-0.3230879373793903,45.482904184959594,9.19080686117571
150709,190549,15.0,24.0,1.6,41.48825644223234,-3.096800004921956,45.48266210715863,9.189468853247606
61992,80289,15.0,24.0,1.6,41.48825644223234,0.044792648667837,45.482662107158646,9.189468853247606
80405,105494,15.0,23.375,1.5583333333333331,7.65990244528499,-0.9378977756114348,45.48299083584638,9.188429336530898
80394,105483,15.0,23.375,1.5583333333333331,7.659902445284989,2.2036948779783585,45.48299083584638,9.188429336530898
80388,105477,15.0,23.375,1.5583333333333331,4.277987977451474,0.6497143129227614,45.48294014999999,9.1885061
134756,171013,15.0,23.375,1.5583333333333331,4.277987977451474,-2.491878340667032,45.48294014999999,9.1885061
242632,300827,15.0,30.0,2.0,176.73355216974494,0.3541270933194896,45.484561691044775,9.18795956332178
242640,300836,15.0,30.0,2.0,176.73355216974494,-2.787465560270304,45.48456169104477,9.18795956332178
104703,135713,15.0,39.5,2.6333333333333333,26.193526921470365,1.6537642490705873,45.4852511,9.19043655
105610,136717,15.0,39.5,2.6333333333333333,26.193526921470365,-1.487828404519206,45.4852511,9.19043655
242675,300872,15.0,34.0,2.2666666666666666,110.1855748442544,-2.2420846639487464,45.484371899312976,9.18784758414516
230774,284529,15.0,21.375,1.425,13.59314590106196,1.7320056080780593,45.48520725000001,9.188813
230775,284530,15.0,21.375,1.425,13.59314590106196,-1.409587045511734,45.48520725000001,9.188813
80390,105479,15.0,23.375,1.5583333333333331,7.750242092116785,2.2022691171577864,45.48295169074442,9.188470241127005
80393,105482,15.0,23.375,1.5583333333333331,7.750242092116785,-0.939323536432007,45.48295169074442,9.188470241127005
45391,58973,15.0,33.75,2.25,15.188694059807585,-1.9540613359429528,45.483296938255066,9.188043163853285
61988,80285,15.0,33.75,2.25,15.188694059807585,1.1875313176468405,45.48329693825506,9.188043163853285
47841,62528,15.0,40.3,2.6866666666666665,93.7118885032632,-0.3282418331069927,45.48287350826109,9.19078802332474
61995,80292,15.0,40.3,2.6866666666666665,93.71188850326318,2.8133508204828006,45.48287350826108,9.190788023324739
105602,136709,15.0,51.5,3.433333333333333,27.292053422533748,-2.120095374159005,45.48524219357839,9.190510307353573
104706,135716,15.0,51.5,3.433333333333333,27.292053422533748,1.021497279430788,45.48524219357839,9.190510307353573
72763,95435,15.0,23.375,1.5583333333333331,33.08468425019273,1.4347463806394447,45.48283121267238,9.18868533631636
230750,284492,15.0,29.375,1.9583333333333333,125.3821294400102,0.1699034793532344,45.48536906012513,9.189620049439004
80226,105260,15.0,29.375,1.9583333333333333,125.38212944001022,-2.971689174236559,45.48536906012512,9.189620049439002
72838,95521,15.0,31.0,2.066666666666667,33.45550474261584,0.4685891126919552,45.48345657021906,9.187906370882823
230749,284491,15.0,21.7,1.4466666666666663,5.456561694600024,-1.373672257967823,45.48530135,9.1890751
230751,284493,15.0,21.7,1.4466666666666663,5.456561694600024,1.76792039562197,45.48530135,9.1890751
230754,284496,15.0,20.08333333333333,1.3388888888888888,31.2994137207174,-2.963093410847425,45.48526698977394,9.18894155129851
230777,284532,15.0,20.08333333333333,1.3388888888888888,31.2994137207174,0.178499242742368,45.48526698977394,9.18894155129851
96393,124792,15.0,33.75,2.25,22.889953128969083,-1.7705424094756816,45.483303150000005,9.188009
96396,124796,15.0,33.75,2.25,22.889953128969083,1.3710502441141117,45.483303150000005,9.188009
242627,300822,15.0,12.0,0.8,7.473092377388458,-0.3695430768061715,45.48403120833206,9.187736402259608
242636,300831,15.0,12.0,0.8,7.473092377388458,2.7720495767836217,45.48403120833206,9.187736402259608
104686,135684,15.0,13.0,0.8666666666666667,72.45022285348549,-1.6067580882073402,45.48503320008404,9.191019198359577
117017,149525,15.0,13.0,0.8666666666666667,72.45022285348549,1.534834565382453,45.48503320008404,9.191019198359577
242630,300825,15.0,12.0,0.8,74.75116371921865,-0.78055781883712,45.48391948622766,9.1877239995756
134758,171015,15.0,23.375,1.5583333333333331,35.67946804447257,-1.3217810554795093,45.48284768834956,9.188577923141903
153428,193783,15.0,23.375,1.5583333333333331,35.679468044472564,1.819811598110284,45.48284768834956,9.188577923141905
49814,65030,15.0,22.285714285714285,1.4857142857142855,61.99963809808401,1.6156985674698268,45.48260035,9.189619099999998
230747,284489,15.0,20.08333333333333,1.3388888888888888,31.12378640864949,-2.941294917204262,45.485298699999994,9.188933299999999
230779,284534,15.0,20.08333333333333,1.3388888888888888,31.12378640864949,0.2002977363855312,45.485298699999994,9.188933299999999
230745,284487,15.0,21.7,1.4466666666666663,5.2943192376374935,-1.373984409862692,45.48533455,9.18906565
230748,284490,15.0,21.7,1.4466666666666663,5.2943192376374935,1.767608243727101,45.48533455,9.18906565
95374,123668,15.0,21.7,1.4466666666666663,39.89963070898644,-2.95952144566786,45.48537365599929,9.189237249225334
230776,284531,15.0,21.375,1.425,4.777910795334483,1.732258547111931,45.485264349999994,9.18879975
230780,284535,15.0,21.375,1.425,4.777910795334483,-1.4093341064778622,45.485264349999994,9.18879975
242621,300814,15.0,12.0,0.8,3.594777073043777,-0.3706090129943639,45.484043799999995,9.18769005
242625,300820,15.0,12.0,0.8,3.594777073043777,2.7709836405954293,45.484043799999995,9.18769005
95373,123667,15.0,21.875,1.4583333333333333,1.5938544143154847,1.7890377935890114,45.48540129999999,9.18941195
163138,204090,15.0,21.875,1.4583333333333333,1.5938544143154847,-1.3525548600007815,45.48540129999999,9.18941195
9515,11278,15.0,22.285714285714285,1.4857142857142855,60.54422578188683,-1.5049251197553972,45.48259244999999,9.189437299999998
71465,93817,15.0,18.2,1.2133333333333334,52.04640241448367,-2.959371476582554,45.48542609999999,9.189643400000001
49812,65028,15.0,17.666666666666668,1.1777777777777778,21.223603272686013,-1.519897078771365,45.48257405,9.189530049999998
49816,65032,15.0,17.666666666666668,1.1777777777777778,21.223603272686013,1.621695574818428,45.48257405,9.189530049999998
145692,184205,15.0,15.75,1.05,53.34249384501672,-2.892148381835418,45.4854350578417,9.189641984150796
163140,204092,15.0,15.75,1.05,53.34249384501672,0.2494442717543751,45.485435057841705,9.189641984150795
105604,136711,15.0,39.5,2.6333333333333333,16.661091794307815,2.971134424360822,45.48532439886401,9.190500549862895
105612,136719,15.0,39.5,2.6333333333333333,16.661091794307815,-0.1704582292289707,45.48532439886401,9.190500549862895
230746,284488,15.0,20.08333333333333,1.3388888888888888,30.92467605202392,-2.959340362528213,45.48533325576338,9.18892439927925
230772,284527,15.0,21.375,1.425,5.856538578994646,-1.4085193494943429,45.4852974,9.18879205
230781,284536,15.0,21.375,1.425,5.856538578994646,1.733073304095451,45.4852974,9.18879205
95377,123671,15.0,21.875,1.4583333333333333,10.05470050075136,-1.350922648575852,45.48543709999999,9.189400549999998
163139,204091,15.0,21.875,1.4583333333333333,10.05470050075136,1.7906700050139417,45.48543709999999,9.189400549999998
72765,95437,15.0,25.33333333333333,1.6888888888888889,6.1048960457802925,-0.175151104742258,45.48272427601145,9.188693791101665
153425,193780,15.0,25.33333333333333,1.6888888888888889,6.1048960457802925,2.966441548847535,45.48272427601145,9.188693791101665
242622,300815,15.0,12.0,0.8,11.71253631079892,2.7639476406282126,45.484061411102594,9.187626075520795
242629,300824,15.0,12.0,0.8,11.71253631079892,-0.3776450129615806,45.484061411102594,9.187626075520795
36541,46975,15.0,12.0,0.8,73.0176667809695,-0.773979293919455,45.48383479073033,9.187615253636885
49449,64597,15.0,12.0,0.8,73.0176667809695,2.3676133596703384,45.48383479073033,9.187615253636885
72764,95436,15.0,25.33333333333333,1.6888888888888889,7.727909643030154,2.9702182207071206,45.482731972369955,9.188632614445108
153426,193781,15.0,25.33333333333333,1.6888888888888889,7.727909643030154,-0.1713744328826725,45.482731972369955,9.188632614445108
71466,93818,15.0,13.125,0.875,5.105808292870734,1.7394744795377888,45.485471649999994,9.18986945
145690,184203,15.0,13.125,0.875,5.105808292870734,-1.4021181740520043,45.485471649999994,9.18986945
95361,123655,15.0,32.7,2.18,17.703336738568986,-2.959413553823347,45.485465899999994,9.1899515
105611,136718,15.0,39.5,2.6333333333333333,19.431327078086625,1.6591367822868228,45.4853942763264,9.190419309266394
234317,289769,15.0,39.5,2.6333333333333333,19.431327078086625,-1.4824558713029703,45.4853942763264,9.190419309266394
72780,95454,15.0,12.0,0.8,39.57916545985308,-1.1999541283761384,45.483500534676814,9.187701405535385
72839,95523,15.0,12.0,0.8,39.57916545985308,1.9416385252136548,45.483500534676814,9.187701405535385
104688,135686,15.0,42.125,2.808333333333333,51.554527914012006,2.9735674358852218,45.48528833930941,9.190802598735202
105605,136712,15.0,42.125,2.808333333333333,51.554527914012006,-0.1680252177045713,45.48528833930941,9.190802598735202
96377,124776,15.0,23.875,1.5916666666666666,51.42364578904461,0.6885510249009527,45.48290745028765,9.188230620979624
80404,105493,15.0,23.875,1.5916666666666666,51.42364578904461,-2.453041628688841,45.48290745028765,9.188230620979624
80228,105262,15.0,34.4,2.293333333333333,18.24497457086672,-0.0222552141170038,45.48545434865789,9.190246624202205
234322,289774,15.0,34.4,2.293333333333333,18.24497457086672,3.119337439472789,45.485454348657896,9.190246624202208
95416,123710,15.0,13.125,0.875,5.6529592663481125,-1.4026204325954963,45.48550504681883,9.189861336810257
145691,184204,15.0,13.125,0.875,5.6529592663481125,1.7389722209942968,45.48550504681883,9.189861336810257
80391,105480,15.0,21.5,1.4333333333333331,51.33618136315121,-2.464404589212475,45.48287009999999,9.18827
96388,124787,15.0,21.5,1.4333333333333331,51.33618136315121,0.6771880643773186,45.48287009999999,9.18827
57012,73875,15.0,14.5,0.9666666666666668,156.63342386733808,-0.5060635936745465,45.4834683,9.19171835
61987,80283,15.0,15.75,1.05,48.607091907914274,-1.8834371962366436,45.48311225,9.187947349999998
96380,124779,15.0,15.75,1.05,48.607091907914274,1.25815545735315,45.48311225,9.187947349999998
80227,105261,15.0,34.4,2.293333333333333,18.529843133297646,0.3414964324149731,45.485474986560405,9.19024041370454
48124,62883,15.0,34.4,2.293333333333333,18.52984313329765,-2.80009622117482,45.48547498656041,9.19024041370454
80389,105478,15.0,19.916666666666668,1.327777777777778,51.26472996033681,-2.4696275521906346,45.482831342133984,9.188310687588363
96398,124798,15.0,19.916666666666668,1.327777777777778,51.26472996033681,0.6719651013991589,45.482831342133984,9.188310687588363
95362,123656,15.0,32.7,2.18,10.460335211505694,1.7343479793170486,45.485508499999995,9.19002205
95412,123706,15.0,32.7,2.18,10.460335211505694,-1.4072446742727445,45.485508499999995,9.19002205
234316,289768,15.0,48.66666666666666,3.2444444444444445,9.551857064612186,-3.0132434497764997,45.48545135,9.190368849999999
234319,289771,15.0,48.66666666666666,3.2444444444444445,9.551857064612186,0.1283492038132938,45.48545135,9.190368849999999
45216,58798,15.0,32.7,2.18,32.09036683567826,-2.9574807314134,45.485494391741874,9.1901714141796
48125,62884,15.0,48.66666666666666,3.2444444444444445,6.498722076961158,-1.4453996658857322,45.48546784794595,9.190322898522034
234320,289772,15.0,48.66666666666666,3.2444444444444445,6.498722076961158,1.696192987704061,45.48546784794595,9.190322898522034
150707,190547,15.0,17.666666666666668,1.1777777777777778,65.25809673240656,-1.5057505453287503,45.48246285558781,9.189672625523297
152744,193051,15.0,17.666666666666668,1.1777777777777778,65.25809673240656,1.6358421082610426,45.48246285558781,9.189672625523297
95411,123705,15.0,32.7,2.18,17.75260866424078,-2.976269520703402,45.485531800000004,9.18993575
95415,123709,15.0,32.7,2.18,17.75260866424078,0.165323132886391,45.485531800000004,9.18993575
181927,224703,15.0,48.66666666666666,3.2444444444444445,2.9413604428542066,-3.0116706415074592,45.48545639999999,9.190424499999999
234315,289767,15.0,48.66666666666666,3.2444444444444445,2.9413604428542066,0.1299220120823342,45.48545639999999,9.190424499999999
45683,59353,15.0,12.0,0.8,21.136625567029643,-0.5144175563730371,45.48374375,9.18752975
95665,123987,15.0,12.0,0.8,21.136625567029643,2.627175097216756,45.48374375,9.18752975
49815,65031,15.0,16.0,1.0666666666666669,20.000564761521765,2.157433717251494,45.48245022000971,9.189575836528094
49817,65033,15.0,16.0,1.0666666666666669,19.61932714743693,-2.0594678368001382,45.482448244649014,9.189504248777702
80231,105265,15.0,48.66666666666666,3.2444444444444445,7.004566800710719,-1.5008018545308162,45.48547719065819,9.1904091304628
234318,289770,15.0,48.66666666666666,3.2444444444444445,7.004566800710719,1.6407907990589772,45.48547719065819,9.1904091304628
45215,58797,15.0,48.66666666666666,3.2444444444444445,4.007820253872915,-1.4061779678749071,45.48550055,9.19031605
48123,62882,15.0,48.66666666666666,3.2444444444444445,4.007820253872915,1.735414685714886,45.48550055,9.19031605
95646,123964,15.0,12.0,0.8,16.347165279508086,-2.5587063632229285,45.483611491188704,9.187543919127874
95664,123984,15.0,12.0,0.8,16.347165279508086,0.5828862903668649,45.483611491188704,9.187543919127874
48122,62881,15.0,48.66666666666666,3.2444444444444445,9.95339921990621,0.1780103112616936,45.48549365000001,9.190363
80230,105264,15.0,48.66666666666666,3.2444444444444445,9.95339921990621,-2.9635823423281,45.48549365000001,9.190363
181929,224705,15.0,48.66666666666666,3.2444444444444445,7.135675813734312,1.6927995224431995,45.48547986274884,9.190433468398185
219348,269362,15.0,48.66666666666666,3.2444444444444445,7.135675813734312,-1.4487931311465938,45.48547986274884,9.190433468398185
95413,123707,15.0,32.7,2.18,10.924091130669025,0.1649923277233966,45.48554662553956,9.190062802852244
95419,123713,15.0,32.7,2.18,10.924091130669025,-2.9766003258663964,45.48554662553956,9.190062802852244
95375,123669,15.0,20.08333333333333,1.3388888888888888,27.20191714593024,-1.4134107614929527,45.4855525966254,9.189371535101932
95378,123672,15.0,20.08333333333333,1.3388888888888888,27.20191714593024,1.7281818920968406,45.4855525966254,9.189371535101932
242609,300801,15.0,12.0,0.8,25.623834914678447,-0.3990218430403703,45.48410644999999,9.18747115
242628,300823,15.0,12.0,0.8,25.623834914678447,2.742570810549423,45.48410644999999,9.18747115
95647,123967,15.0,12.0,0.8,12.107309201314823,-2.248567444064822,45.4836325,9.187526799999999
95663,123983,15.0,12.0,0.8,12.107309201314823,0.8930252095249716,45.4836325,9.187526799999999
61991,80288,15.0,26.0625,1.7375,66.27714812507996,-1.5250951386773457,45.482447799999996,9.1892963
91768,119415,15.0,26.0625,1.7375,66.27714812507996,1.616497514912448,45.482447799999996,9.1892963
105603,136710,15.0,71.25,4.75,40.45522697025979,1.0154704377995392,45.485423745462484,9.190670105129854
145700,184215,15.0,71.25,4.75,40.45522697025979,-2.126122215790254,45.485423745462484,9.190670105129854
59221,76761,15.0,12.0,0.8,117.1665160878754,-1.664897815344757,45.48379617742268,9.187469118467634
69861,91758,15.0,12.0,0.8,117.1665160878754,1.476694838245037,45.483796177422676,9.187469118467636
80229,105263,15.0,48.66666666666666,3.2444444444444445,2.5823969582839554,0.1855196611513206,45.48550070000001,9.190418399999999
219345,269359,15.0,48.66666666666666,3.2444444444444445,2.5823969582839554,-2.9560729924384725,45.48550070000001,9.190418399999999
230778,284533,15.0,33.25,2.216666666666667,101.39146118160166,2.551890496094367,45.48529416332819,9.188433321163064
134560,170792,15.0,33.25,2.216666666666667,101.39146118160168,-0.589702157495426,45.48529416332819,9.188433321163064
45386,58968,15.0,22.166666666666668,1.477777777777778,55.32096011986101,0.9489390033292712,45.48309090000001,9.18784385
96395,124794,15.0,22.166666666666668,1.477777777777778,55.32096011986101,-2.192653650260522,45.48309090000001,9.18784385
45397,58979,15.0,48.66666666666666,3.2444444444444445,12.851439705876178,-2.9577026590024893,45.4855204,9.19036985
36032,46306,15.0,33.25,2.216666666666667,94.64226806814524,-0.5606517133006187,45.48530933454786,9.188451973516015
230782,284537,15.0,33.25,2.216666666666667,94.64226806814524,2.5809409402891745,45.48530933454786,9.188451973516015
45396,58978,15.0,48.66666666666666,3.2444444444444445,4.080365044989421,-1.4833834553701486,45.485515,9.1904282
219347,269361,15.0,48.66666666666666,3.2444444444444445,4.080365044989421,1.6582091982196443,45.485515,9.1904282
96366,124765,15.0,19.0,1.2666666666666666,45.43212044907762,1.4200262009337894,45.48258624999999,9.188636149999997
45384,58966,15.0,19.625,1.3083333333333331,58.15481119097092,1.2877514544712207,45.483125150000006,9.18777205
72832,95510,15.0,19.625,1.3083333333333331,58.15481119097092,-1.8538411991185724,45.483125150000006,9.18777205
152713,193020,15.0,29.5625,1.9708333333333332,167.4139859910544,2.6491201250197376,45.48270024197605,9.191045218537164
224156,276097,15.0,29.5625,1.9708333333333332,167.4139859910544,-0.4924725285700554,45.482700241976055,9.191045218537166
61986,80282,15.0,19.0,1.2666666666666666,46.19266007452759,1.4185885707484092,45.482591875047525,9.188568848732135
153427,193782,15.0,19.0,1.2666666666666666,46.19266007452759,-1.7230040828413842,45.482591875047525,9.188568848732135
61989,80286,15.0,44.25,2.95,2.7852872420558907,-2.3069534429810714,45.48278620000001,9.191219499999999
134421,170634,15.0,44.25,2.95,2.7852872420558907,0.8346392106087219,45.48278620000001,9.191219499999999
95418,123712,15.0,32.7,2.18,34.70088417232323,0.1483385402607547,45.485568449999995,9.19026535
95423,123717,15.0,32.7,2.18,34.70088417232323,-2.9932541133290385,45.485568449999995,9.19026535
72781,95456,15.0,12.0,0.8,51.735489830482,2.846062460221122,45.48373144999999,9.18743
72784,95461,15.0,12.0,0.8,51.735489830482,-0.2955301933686715,45.48373144999999,9.18743
61993,80290,15.0,44.25,2.95,6.418132079390174,0.8325825017262427,45.48276475000001,9.1911917
134422,170635,15.0,44.25,2.95,6.418132079390174,-2.3090101518635504,45.48276475000001,9.1911917
242608,300800,15.0,12.0,0.8,17.03497594418431,0.9716352934260876,45.4841821,9.187408249999999
242631,300826,15.0,12.0,0.8,17.03497594418431,-2.1699573601637057,45.4841821,9.187408249999999
186010,229071,15.0,38.2,2.546666666666667,58.19937308516713,-2.171780632142137,45.48290406003527,9.191405185494748
186007,229068,15.0,38.2,2.546666666666667,58.19937308516712,0.9698120214476564,45.48290406003525,9.191405185494748
145701,184216,15.0,48.66666666666666,3.2444444444444445,40.10312890149825,-2.8289512135750967,45.48550767869178,9.190595059974996
181928,224704,15.0,48.66666666666666,3.2444444444444445,40.10312890149825,0.3126414400146963,45.485507678691796,9.190595059974994
230773,284528,15.0,33.25,2.216666666666667,97.79124075453184,2.4219876032430725,45.48536055249556,9.188460045550414
104689,135687,15.0,11.0,0.7333333333333333,43.02351429201952,-0.1777106854247196,45.48523725652156,9.191221100818312
234306,289758,15.0,11.0,0.7333333333333333,43.02351429201952,2.9638819681650737,45.48523725652156,9.191221100818312
45398,58980,15.0,48.66666666666666,3.2444444444444445,9.05331829447768,1.6582091346384953,45.48555619845909,9.190423037692613
95424,123718,15.0,48.66666666666666,3.2444444444444445,9.05331829447768,-1.4833835189512978,45.48555619845909,9.190423037692613
134423,170636,15.0,44.25,2.95,6.534200891176877,-0.6838314841206736,45.48276669999999,9.19123385
186005,229066,15.0,44.25,2.95,6.534200891176877,2.45776116946912,45.48276669999999,9.19123385
95659,123979,15.0,12.0,0.8,19.332903319184904,-0.6164893588043961,45.483638,9.187421849999998
95662,123982,15.0,12.0,0.8,19.332903319184904,2.525103294785397,45.483638,9.187421849999998
104698,135707,15.0,48.66666666666666,3.2444444444444445,37.867147945476525,-2.955606575575093,45.48552425,9.19059695
219346,269360,15.0,48.66666666666666,3.2444444444444445,37.867147945476525,0.1859860780147002,45.48552425,9.19059695
186008,229069,15.0,55.0,3.6666666666666665,13.311844196278118,-0.4398490550325749,45.48303815,9.1916063
215005,263846,15.0,55.0,3.6666666666666665,13.311844196278118,2.7017435985572185,45.48303815,9.1916063
96379,124778,15.0,15.166666666666666,1.011111111111111,32.08478169978336,2.21068753617822,45.482885565085766,9.187966264211834
96382,124781,15.0,15.166666666666666,1.011111111111111,32.08478169978336,-0.9309051174115732,45.48288556508578,9.187966264211834
95363,123657,15.0,36.21428571428572,2.414285714285714,32.74240447013412,-1.405491433629816,45.48564270027672,9.189990201163258
95414,123708,15.0,36.21428571428572,2.414285714285714,32.74240447013412,1.7361012199599777,45.48564270027672,9.189990201163258
45514,59096,15.0,12.0,0.8,21.614231947131515,-0.5095305393759159,45.483809699999995,9.18736235
45684,59354,15.0,12.0,0.8,21.614231947131515,2.6320621142138774,45.483809699999995,9.18736235
44911,58399,15.0,13.5,0.9,62.04917225194433,0.4512502231408573,45.48330569801611,9.187555538060318
72850,95535,15.0,13.5,0.9,62.04917225194434,-2.690342430448936,45.48330569801612,9.187555538060318
96376,124775,15.0,15.166666666666666,1.011111111111111,7.0726615238608765,-0.9296713209503824,45.482786649999994,9.1880713
96390,124789,15.0,15.166666666666666,1.011111111111111,7.0726615238608765,2.211921332639411,45.482786649999994,9.1880713
72829,95507,15.0,16.0,1.0666666666666669,23.77653649729736,1.6485944093749854,45.48233065,9.1896399
45383,58965,15.0,15.166666666666666,1.011111111111111,9.488945210122615,1.2768120355834285,45.482938,9.18786785
96381,124780,15.0,15.166666666666666,1.011111111111111,9.488945210122615,-1.8647806180063649,45.482938,9.18786785
96389,124788,15.0,14.375,0.9583333333333334,7.479699166204856,-0.9312847280103648,45.4827499,9.18811035
96397,124797,15.0,14.375,0.9583333333333334,7.479699166204856,2.2103079255794285,45.4827499,9.18811035
36542,46976,15.0,12.0,0.8,15.571136001111917,-2.1840229183034245,45.48388290392641,9.18731794621042
45515,59097,15.0,12.0,0.8,15.571136001111917,0.9575697352863688,45.48388290392641,9.18731794621042
72779,95453,15.0,12.0,0.8,65.30347892734977,2.992211755367106,45.483626317493794,9.187373053800416
49813,65029,15.0,22.08333333333333,1.472222222222222,24.716181198182237,-1.5117608014463066,45.48232449999999,9.18946175
45685,59355,15.0,12.0,0.8,32.25152461070322,2.742692207636464,45.48380398857624,9.18731771423902
45688,59358,15.0,12.0,0.8,32.25152461070322,-0.3989004459533291,45.48380398857624,9.18731771423902
95656,123976,15.0,12.0,0.8,3.2556642998213032,-0.6433246546984959,45.483679349999996,9.1873393
95658,123978,15.0,12.0,0.8,3.2556642998213032,2.498267998891297,45.483679349999996,9.1873393
104687,135685,15.0,45.66666666666666,3.0444444444444443,48.48446527670142,1.5517385171577358,45.4854138499032,9.191035053600379
145697,184211,15.0,45.66666666666666,3.0444444444444443,48.48446527670142,-1.5898541364320575,45.4854138499032,9.191035053600379
95369,123663,15.0,32.916666666666664,2.194444444444444,86.11065662143389,2.1575461812199204,45.48547777003781,9.1885588462742
95371,123665,15.0,32.916666666666664,2.194444444444444,86.11065662143389,-0.9840464723698732,45.48547777003781,9.1885588462742
49574,64742,15.0,40.0,2.6666666666666665,54.7136478609229,-2.959795741484101,45.48555879064444,9.19066832074676
54936,71373,15.0,9.8,0.6533333333333334,32.969885019002845,0.9701094878275486,45.48405215,9.1872814
242607,300799,15.0,9.8,0.6533333333333334,32.969885019002845,-2.1714831657622446,45.48405215,9.1872814
36540,46974,15.0,9.8,0.6533333333333334,19.139186886717987,2.773280907930767,45.4839448,9.187277900000002
54935,71372,15.0,9.8,0.6533333333333334,19.139186886717987,-0.3683117456590258,45.4839448,9.187277900000002
95651,123971,15.0,12.0,0.8,23.35804936016261,-0.6428323628274569,45.48371868809691,9.187284563384592
95661,123981,15.0,12.0,0.8,23.35804936016261,2.4987602907623363,45.483718688096914,9.187284563384594
45382,58964,15.0,22.0,1.4666666666666666,91.1307061902784,1.1377772658792589,45.48308989587694,9.187629951682736
72833,95513,15.0,22.0,1.4666666666666666,91.1307061902784,-2.0038153877105342,45.48308989587694,9.187629951682736
95420,123714,15.0,36.21428571428572,2.414285714285714,50.25949574154723,1.478467483218996,45.48571207836469,9.190105438349605
95365,123659,15.0,36.21428571428572,2.414285714285714,50.25949574154723,-1.6631251703707972,45.4857120783647,9.190105438349603
95657,123977,15.0,12.0,0.8,16.378170199615425,2.499202441790029,45.48371642722106,9.187268714293829
49811,65027,15.0,13.583333333333334,0.9055555555555556,85.11261068825914,-0.6815574938146651,45.48253073399873,9.188390229306572
61984,80280,15.0,13.583333333333334,0.9055555555555556,85.11261068825912,2.460035159775128,45.48253073399873,9.188390229306574
95650,123970,15.0,12.0,0.8,23.434184718558782,-0.6428323628274569,45.48370533411673,9.187269783312662
95660,123980,15.0,12.0,0.8,23.434184718558782,2.4987602907623363,45.48370533411673,9.18726978331266
54937,71374,15.0,9.8,0.6533333333333334,12.905007142947705,-1.1623515185965974,45.48393474497402,9.187229782732086
59222,76762,15.0,9.8,0.6533333333333334,12.905007142947705,1.979241134993196,45.48393474497402,9.187229782732086
134994,171252,15.0,19.61111111111111,1.3074074074074074,183.5358846126825,-0.8693776322361455,45.48561974547248,9.188900054303637
163141,204093,15.0,19.61111111111111,1.3074074074074074,183.5358846126825,2.272215021353648,45.48561974547249,9.18890005430364
72831,95509,15.0,16.0,1.0666666666666669,5.009302528726383,0.0602812361293182,45.482257166614474,9.18967063999452
152745,193052,15.0,16.0,1.0666666666666669,5.009302528726383,-3.081311417460475,45.482257166614474,9.18967063999452
90740,118269,15.0,15.166666666666666,1.011111111111111,25.248485534090022,0.6825082659583099,45.482754335911714,9.187964307430342
96378,124777,15.0,15.166666666666666,1.011111111111111,25.248485534090022,-2.459084387631483,45.482754335911714,9.18796430743034
61985,80281,15.0,12.8,0.8533333333333334,7.814486580583625,-0.0752464099635892,45.48244663162238,9.18857049903582
96367,124766,15.0,12.8,0.8533333333333334,7.814486580583625,3.066346243626204,45.48244663162238,9.18857049903582
54950,71387,15.0,12.0,0.8,49.9922761969717,-0.5227707347581084,45.4843046454026,9.187256708707679
242633,300828,15.0,12.0,0.8,49.9922761969717,2.6188219188316846,45.4843046454026,9.187256708707679
49549,64717,15.0,48.66666666666666,3.2444444444444445,53.67551768315548,-2.966462954890936,45.485614049999995,9.1906569
95422,123716,15.0,48.66666666666666,3.2444444444444445,53.67551768315548,0.1751296986988577,45.485614049999995,9.1906569
104699,135708,15.0,62.5,4.166666666666667,17.32031101602247,0.1862548682327305,45.48555639999999,9.190840549999999
104700,135710,15.0,62.5,4.166666666666667,17.32031101602247,-2.9553377853570626,45.48555639999999,9.190840549999999
72830,95508,15.0,22.08333333333333,1.472222222222222,20.08106906391272,-3.068782890453662,45.48225110801369,9.189558267027598
91773,119420,15.0,22.08333333333333,1.472222222222222,20.08106906391272,0.0728097631361312,45.4822511080137,9.1895582670276
45687,59357,15.0,12.0,0.8,9.43461014733041,0.9815482536707464,45.48387701494797,9.187214134292496
59220,76760,15.0,12.0,0.8,9.43461014733041,-2.160044399919047,45.48387701494797,9.187214134292496
69859,91756,15.0,12.0,0.8,2.7502086845675526,-2.238639748647858,45.4837857,9.187215349999999
72783,95460,15.0,12.0,0.8,2.7502086845675526,0.9029529049419353,45.4837857,9.187215349999999
153250,193597,15.0,17.25,1.15,103.7983329737776,1.425828825518915,45.48239754999999,9.18865345
153423,193778,15.0,17.25,1.15,103.7983329737776,-1.7157638280708778,45.48239754999999,9.18865345
145696,184210,15.0,45.66666666666666,3.0444444444444443,30.912849434564748,-2.9634460235976454,45.48554924999999,9.19090255
145699,184214,15.0,45.66666666666666,3.0444444444444443,30.912849434564748,0.1781466299921478,45.48554924999999,9.19090255
91770,119417,15.0,22.08333333333333,1.472222222222222,17.67317140067072,0.0674292703741038,45.482243050850485,9.18938909996239
91772,119419,15.0,22.08333333333333,1.472222222222222,17.673171400670718,-3.0741633832156894,45.482243050850485,9.189389099962392
95649,123969,15.0,12.0,0.8,0.8665353752283903,-0.6493397977012636,45.48374895,9.1872067
95652,123972,15.0,12.0,0.8,0.8665353752283903,2.492252855888529,45.48374895,9.1872067
56352,73011,15.0,16.5,1.1,100.38850419471638,-0.0059914168178874,45.483376661989254,9.187330515580609
36629,47086,15.0,15.75,1.05,155.9742457565287,2.6466530723931214,45.483489500000005,9.1921312
57014,73877,15.0,15.75,1.05,155.9742457565287,-0.4949395811966717,45.483489500000005,9.1921312
49572,64740,15.0,62.5,4.166666666666667,3.8273923932956064,-1.3657682964784523,45.48557829999999,9.190913499999999
104702,135712,15.0,62.5,4.166666666666667,3.8273923932956064,1.7758243571113408,45.48557829999999,9.190913499999999
45686,59356,15.0,12.0,0.8,13.426696144170736,-2.0611336865434304,45.48381499999999,9.1871622
95653,123973,15.0,12.0,0.8,13.426696144170736,1.080458967046363,45.48381499999999,9.1871622
95648,123968,15.0,12.0,0.8,8.881933847055254,2.6358621093245054,45.48376415,9.1871687
95655,123975,15.0,12.0,0.8,8.881933847055254,-0.5057305442652876,45.48376415,9.1871687
45635,59305,15.0,28.0,1.8666666666666667,30.61388942709021,1.500850380763391,45.484745170294424,9.187369075132183
144178,182486,15.0,28.0,1.8666666666666667,30.61388942709021,-1.640742272826402,45.484745170294424,9.187369075132183
72782,95459,15.0,12.0,0.8,15.304471525811865,-2.290276014722019,45.48374265,9.1871624
99587,129075,15.0,12.0,0.8,15.304471525811865,0.851316638867774,45.48374265,9.1871624
45387,58969,15.0,20.125,1.3416666666666666,45.721390976625926,-1.1016510808290347,45.482809581522226,9.187768158503724
90739,118268,15.0,20.125,1.3416666666666666,45.721390976625926,2.0399415727607586,45.482809581522226,9.187768158503724
96387,124786,15.0,14.3,0.9533333333333334,43.00386040069756,-2.4649576570018445,45.482684000000006,9.1879397
99520,129005,15.0,14.3,0.9533333333333334,43.00386040069756,0.6766349965879486,45.482684000000006,9.1879397
54938,71375,15.0,8.333333333333334,0.5555555555555556,18.559113578885817,2.5803010709683973,45.48399823095142,9.187127434127877
59219,76759,15.0,8.333333333333334,0.5555555555555556,18.559113578885817,-0.5612915826213958,45.48399823095142,9.187127434127877
131233,166860,15.0,45.625,3.0416666666666665,83.82977869991004,-2.588380997897952,45.48316001349367,9.191980318656132
215006,263847,15.0,45.625,3.0416666666666665,83.82977869991004,0.5532116556918415,45.48316001349367,9.191980318656132
54978,71415,15.0,34.0,2.2666666666666666,31.42593275747292,-0.7931991031107652,45.484958506457126,9.187512343060211
71604,93986,15.0,34.0,2.2666666666666666,31.42593275747292,2.348393550479028,45.484958506457126,9.187512343060211
104690,135688,15.0,45.66666666666666,3.0444444444444443,13.89899496704857,-2.955452265831118,45.48557459999999,9.190978349999998
104701,135711,15.0,45.66666666666666,3.0444444444444443,13.89899496704857,0.1861403877586749,45.48557459999999,9.190978349999998
96399,124799,15.0,14.25,0.95,42.43333269288243,-2.4666293582740897,45.48264763924416,9.187981522627787
99524,129009,15.0,14.25,0.95,42.43333269288243,0.6749632953157038,45.48264763924416,9.187981522627787
45634,59304,15.0,12.0,0.8,28.225734929530955,-2.134125763721885,45.48458945,9.187251
54800,71185,15.0,12.0,0.8,28.225734929530955,1.0074668898679084,45.48458945,9.187251
49551,64719,15.0,62.5,4.166666666666667,8.657162050567752,-1.367518139576597,45.48561680676536,9.190902173010933
49573,64741,15.0,62.5,4.166666666666667,8.657162050567752,1.7740745140131964,45.48561680676536,9.190902173010933
105609,136716,15.0,11.25,0.75,42.85599264482668,-1.3837243460618218,45.485034803976085,9.19183741476362
117006,149494,15.0,11.25,0.75,42.85599264482668,1.7578683075279715,45.485034803976085,9.19183741476362
44909,58397,15.0,16.714285714285715,1.1142857142857143,32.771817165964684,-1.174884197129452,45.48312430471687,9.18741776804641
45513,59095,15.0,8.333333333333334,0.5555555555555556,46.352021006074274,2.5758038845558966,45.48392114999999,9.187101850000001
45690,59360,15.0,8.333333333333334,0.5555555555555556,46.352021006074274,-0.5657887690338966,45.48392114999999,9.187101850000001
104692,135690,15.0,45.66666666666666,3.0444444444444443,2.572852184451599,-1.592431494185359,45.48557459999999,9.19103945
145695,184209,15.0,45.66666666666666,3.0444444444444443,2.572852184451599,1.5491611594044343,45.48557459999999,9.19103945
59223,76763,15.0,8.333333333333334,0.5555555555555556,35.72207669727047,-0.6182335732990729,45.4838577,9.18709225
69860,91757,15.0,8.333333333333334,0.5555555555555556,35.72207669727047,2.5233590802907204,45.4838577,9.18709225
36030,46304,15.0,42.0,2.8,3.1507741869778947,2.9949242008343644,45.48552754999999,9.1882214
134558,170790,15.0,42.0,2.8,3.1507741869778947,-0.146668452755429,45.48552754999999,9.1882214
45380,58962,15.0,24.5,1.6333333333333333,29.800152415744147,0.8419013922521305,45.48287930000001,9.187609949999999
45385,58967,15.0,24.5,1.6333333333333333,29.800152415744147,-2.2996912613376628,45.48287930000001,9.187609949999999
59778,77431,15.0,12.0,0.8,6.692633473643545,1.0329347986911614,45.48368830122714,9.187101698557893
99588,129076,15.0,12.0,0.8,6.692633473643545,-2.108657854898632,45.48368830122714,9.187101698557893
54799,71184,15.0,12.0,0.8,13.780602545496926,-2.146536919004736,45.484477899999995,9.187149599999998
54953,71390,15.0,12.0,0.8,13.780602545496926,0.9950557345850568,45.484477899999995,9.187149599999998
36031,46305,15.0,42.0,2.8,15.421225580382814,0.9120368772933924,45.485564499999995,9.1882778
86345,112734,15.0,42.0,2.8,15.421225580382814,-2.229555776296401,45.485564499999995,9.1882778
61994,80291,15.0,33.0,2.2,77.53871022812326,-0.683217769620423,45.48259565,9.1914424
152709,193016,15.0,33.0,2.2,77.53871022812326,2.45837488396937,45.48259565,9.1914424
45633,59303,15.0,21.55555555555556,1.4370370370370371,20.67987941641836,2.607516701618857,45.484697749999995,9.187238749999999
45637,59307,15.0,21.55555555555556,1.4370370370370371,20.67987941641836,-0.5340759519709363,45.484697749999995,9.187238749999999
144175,182483,15.0,31.55555555555556,2.103703703703704,17.136638802289752,2.6090466126448595,45.48483637714342,9.187327565294527
144180,182488,15.0,31.55555555555556,2.103703703703704,17.136638802289752,-0.5325460409449339,45.48483637714342,9.187327565294526
144174,182482,15.0,23.0,1.5333333333333334,5.879205924300077,2.6090466126448595,45.484815100000006,9.18731005
144179,182487,15.0,23.0,1.5333333333333334,5.879205924300077,-0.5325460409449339,45.484815100000006,9.18731005
44910,58398,15.0,13.5,0.9,10.017470869631447,-2.1413159498433028,45.4831699369186,9.18731441429838
72849,95533,15.0,13.5,0.9,10.017470869631447,1.0002767037464906,45.4831699369186,9.18731441429838
115294,147575,15.0,16.583333333333332,1.1055555555555554,24.45286650313343,2.118774829726039,45.48310268195198,9.187362112704688
72848,95532,15.0,16.583333333333332,1.1055555555555554,24.45286650313343,-1.022817823863754,45.48310268195198,9.187362112704688
105606,136713,15.0,11.25,0.75,4.074684942588071,2.992970134565552,45.4851693,9.1917835
219304,269313,15.0,11.25,0.75,4.074684942588071,-0.1486225190242414,45.4851693,9.1917835
83852,109534,15.0,12.0,0.8,31.498099288676386,1.0782497109191267,45.4836903,9.187066899999998
95654,123974,15.0,12.0,0.8,31.498099288676386,-2.0633429426706664,45.4836903,9.187066899999998
152706,193013,15.0,33.0,2.2,70.51614246855505,2.4612033235316413,45.48261357351535,9.191502557502128
186006,229067,15.0,33.0,2.2,70.51614246855505,-0.6803893300581517,45.48261357351535,9.191502557502126
72853,95540,15.0,16.714285714285715,1.1142857142857143,6.181117755625071,2.939869545348575,45.48302830720479,9.187414101033156
115295,147576,15.0,16.714285714285715,1.1142857142857143,6.181117755625071,-0.2017231082412182,45.48302830720479,9.187414101033156
45689,59359,15.0,8.333333333333334,0.5555555555555556,42.50308633680175,2.4709910435093985,45.48392104292562,9.187032484340508
45692,59362,15.0,8.333333333333334,0.5555555555555556,42.50308633680175,-0.670601610080395,45.48392104292563,9.187032484340508
90738,118267,15.0,14.875,0.9916666666666668,18.44243993783947,-2.450897901477898,45.4826672,9.18781245
99516,129001,15.0,14.875,0.9916666666666668,18.44243993783947,0.6906947521118953,45.4826672,9.18781245
54948,71385,15.0,12.0,0.8,10.959796782561584,0.995099675543965,45.48441255,9.187089099999998
54952,71389,15.0,12.0,0.8,10.959796782561584,-2.146492978045828,45.48441255,9.187089099999998
144173,182481,15.0,19.33333333333333,1.2888888888888888,64.96479517853176,1.014219214636272,45.484632,9.18717865
144176,182484,15.0,19.33333333333333,1.2888888888888888,64.96479517853176,-2.127373438953521,45.484632,9.18717865
134561,170793,15.0,42.0,2.8,15.394550269172209,1.26304742632309,45.48557424838219,9.188230296454417
163146,204100,15.0,42.0,2.8,15.39455026917221,-1.8785452272667036,45.48557424838219,9.18823029645442
95376,123670,15.0,19.0,1.2666666666666666,142.5954631752226,-1.363396001927783,45.48585360174863,9.189242642640579
95379,123673,15.0,19.0,1.2666666666666666,142.59546317522256,1.7781966516620098,45.48585360174863,9.18924264264058
59217,76757,15.0,8.333333333333334,0.5555555555555556,19.85611605788185,-2.1331281182246484,45.4839758361523,9.187009009811755
59224,76764,15.0,8.333333333333334,0.5555555555555556,19.85611605788185,1.008464535365145,45.4839758361523,9.187009009811755
84930,110916,15.0,42.0,2.8,14.47249783559859,-2.999586471209438,45.485864649999996,9.190215949999999
95364,123658,15.0,42.0,2.8,14.47249783559859,0.1420061823803554,45.485864649999996,9.190215949999999
186002,229063,15.0,45.625,3.0416666666666665,67.6214796301716,2.7016116096863736,45.4829296,9.1919352
215004,263845,15.0,45.625,3.0416666666666665,67.6214796301716,-0.4399810439034198,45.4829296,9.1919352
59777,77430,15.0,12.0,0.8,17.666526602830164,-2.1079049493893534,45.48362242178668,9.187045674362745
99586,129074,15.0,12.0,0.8,17.666526602830164,1.0336877042004398,45.48362242178668,9.187045674362745
61980,80276,15.0,12.571428571428571,0.8380952380952381,56.65461154652531,1.407776171268038,45.482268749999996,9.188564199999998
54798,71183,15.0,12.0,0.8,21.129734971380277,2.613985885713684,45.484547799999994,9.187101299999998
54803,71188,15.0,12.0,0.8,21.129734971380277,-0.5276067678761097,45.484547799999994,9.187101299999998
12884,15807,15.0,11.25,0.75,16.161473787134405,-1.411703104083368,45.485217649999996,9.191790099999999
105607,136714,15.0,11.25,0.75,16.161473787134405,1.7298895495064253,45.485217649999996,9.191790099999999
56580,73327,15.0,15.75,1.05,159.453447491852,2.65827224939953,45.483361488402934,9.19225809219118
45638,59308,15.0,29.6,1.9733333333333332,52.08698184339874,1.0245019127006014,45.48486916658718,9.187282420916743
54976,71413,15.0,29.6,1.9733333333333332,52.086981843398746,-2.117090740889192,45.48486916658718,9.187282420916743
61983,80279,15.0,12.666666666666666,0.8444444444444444,54.43528674348887,-1.7086557590570872,45.482278699999995,9.1885019
153254,193601,15.0,12.666666666666666,0.8444444444444444,54.43528674348887,1.432936894532706,45.482278699999995,9.1885019
144177,182485,15.0,21.77777777777778,1.451851851851852,27.10223813839535,-2.967894564474018,45.484790950000004,9.1872129
144184,182492,15.0,21.77777777777778,1.451851851851852,27.10223813839535,0.1736980891157751,45.484790950000004,9.1872129
45404,58986,15.0,37.142857142857146,2.4761904761904763,6.919347339675345,-1.3458882995961905,45.485022914267745,9.18738612534421
54977,71414,15.0,37.142857142857146,2.4761904761904763,6.919347339675345,1.7957043539936026,45.485022914267745,9.18738612534421
72851,95538,15.0,16.714285714285715,1.1142857142857143,29.200487919554323,-1.7637474212767577,45.482934150000006,9.187416149999999
57011,73874,15.0,15.75,1.05,25.5315763634868,-0.1712290370517949,45.4832429,9.1922207
45403,58985,15.0,37.142857142857146,2.4761904761904763,8.83284027975997,1.0233596929058302,45.485063350000004,9.187413150000001
45545,59148,15.0,37.142857142857146,2.4761904761904763,8.83284027975997,-2.1182329606839634,45.485063350000004,9.187413150000001
54974,71411,15.0,23.0,1.5333333333333334,14.36633614432884,-0.5307591577269521,45.4848474,9.18723165
144181,182489,15.0,23.0,1.5333333333333334,14.36633614432884,2.610833495862841,45.4848474,9.18723165
45546,59149,15.0,41.333333333333336,2.7555555555555555,21.321203318815797,1.0098036189560131,45.48514395,9.18748475
45551,59154,15.0,41.333333333333336,2.7555555555555555,21.321203318815797,-2.13178903463378,45.48514395,9.18748475
230655,284394,15.0,36.875,2.458333333333333,64.88346909897193,-2.960243685729907,45.48562695,9.191196649999998
145698,184212,15.0,30.9,2.06,51.41919817358442,0.1863585997448142,45.48559696420953,9.19126608774509
230664,284403,15.0,30.9,2.06,51.41919817358442,-2.955234053844979,45.48559696420953,9.19126608774509
99517,129002,15.0,14.3,0.9533333333333334,6.674698539286421,-0.8292186526403411,45.48261470000001,9.187768849999998
99522,129007,15.0,14.3,0.9533333333333334,6.674698539286421,2.312374000949452,45.48261470000001,9.187768849999998
115291,147572,15.0,16.583333333333332,1.1055555555555554,22.23585432277084,1.3358474894890338,45.4829641,9.187363649999998
115293,147574,15.0,16.583333333333332,1.1055555555555554,22.23585432277084,-1.8057451641007596,45.4829641,9.187363649999998
1647,1940,15.0,15.0,1.0,17.19441990686207,1.3740089294230475,45.485692900000004,9.1883443
99521,129006,15.0,14.25,0.95,7.409419900299191,-0.8545593338194508,45.48258160000001,9.18781095
99523,129008,15.0,14.25,0.95,7.409419900299191,2.2870333197703423,45.48258160000001,9.18781095
54941,71378,15.0,7.6,0.5066666666666666,31.202207557255868,-0.5618824077890618,45.48408105705712,9.186938003114124
59218,76758,15.0,7.6,0.5066666666666666,31.202207557255868,2.5797102458007317,45.48408105705712,9.186938003114124
56351,73010,15.0,14.642857142857142,0.9761904761904762,60.9693905616974,-0.6119685989646473,45.48330693002296,9.18711461407845
45552,59155,15.0,41.333333333333336,2.7555555555555555,22.037791456831048,1.025977266173181,45.48526015,9.187587
45557,59160,15.0,41.333333333333336,2.7555555555555555,22.037791456831048,-2.115615387416612,45.48526015,9.187587
99589,129077,15.0,8.333333333333334,0.5555555555555556,58.45804447101463,2.037553460178524,45.483788380810765,9.186949047026154
59225,76765,15.0,8.333333333333334,0.5555555555555556,58.458044471014624,-1.1040391934112694,45.48378838081077,9.186949047026157
45636,59306,15.0,20.6,1.3733333333333335,28.37900531880826,-2.14981487148564,45.484656099999995,9.18708905
54802,71187,15.0,20.6,1.3733333333333335,28.37900531880826,0.9917777821041532,45.484656099999995,9.18708905
99584,129072,15.0,17.75,1.1833333333333331,3.9344825873035,-2.1150355329483226,45.483563999999994,9.18699595
182057,224845,15.0,17.75,1.1833333333333331,3.9344825873035,1.0265571206414703,45.483563999999994,9.18699595
104691,135689,15.0,30.9,2.06,50.894406377500594,0.1860767924542327,45.48561234999999,9.191264349999999
230658,284397,15.0,30.9,2.06,50.894406377500594,-2.9555158611355608,45.48561234999999,9.191264349999999
48936,63995,15.0,15.0,1.0,12.18390273214467,-0.268830951279417,45.48573414320511,9.18841162187902
95372,123666,15.0,15.0,1.0,12.18390273214467,2.872761702310376,45.48573414320511,9.18841162187902
54940,71377,15.0,8.615384615384615,0.5743589743589743,48.05512180754046,0.9731758134196636,45.484258458697425,9.186940892496413
54949,71386,15.0,8.615384615384615,0.5743589743589743,48.05512180754046,-2.1684168401701296,45.48425845869742,9.186940892496413
45547,59150,15.0,41.333333333333336,2.7555555555555555,9.906328208268604,2.5880296915237024,45.485103499999994,9.18739595
45548,59151,15.0,41.333333333333336,2.7555555555555555,9.906328208268604,-0.553562962066091,45.485103499999994,9.18739595
54954,71391,15.0,12.0,0.8,30.146676695640267,2.566271968192251,45.48449262180543,9.187002062108501
54961,71398,15.0,12.0,0.8,30.146676695640267,-0.5753206853975424,45.48449262180543,9.187002062108501
72847,95531,15.0,13.0,0.8666666666666667,31.787064957940967,2.702003230852516,45.48318599999999,9.1871609
95344,123638,15.0,13.0,0.8666666666666667,31.787064957940967,-0.4395894227372771,45.48318599999999,9.1871609
95368,123662,15.0,16.5,1.1,13.794841125460636,-1.800371671115518,45.485768,9.1884786
95370,123664,15.0,16.5,1.1,13.794841125460636,1.3412209824742751,45.485768,9.1884786
95417,123711,15.0,20.83333333333333,1.3888888888888888,142.77610140161946,1.7370274894157889,45.48596570252646,9.189749552338506
145409,183863,15.0,20.83333333333333,1.3888888888888888,142.77610140161946,-1.4045651641740045,45.48596570252646,9.189749552338506
45553,59156,15.0,41.333333333333336,2.7555555555555555,11.702346604802647,2.583982233683145,45.485220299999995,9.187491099999999
45554,59157,15.0,41.333333333333336,2.7555555555555555,11.702346604802647,-0.5576104199066477,45.485220299999995,9.187491099999999
48934,63993,15.0,12.0,0.8,5.77539136037209,1.3512310778643672,45.48570285318869,9.188275040029076
134564,170796,15.0,12.0,0.8,5.77539136037209,-1.790361575725426,45.48570285318869,9.188275040029076
45379,58961,15.0,18.5625,1.2375,80.99072086622625,1.228038219488874,45.48271259772486,9.187570661894133
45388,58970,15.0,18.5625,1.2375,80.99072086622625,-1.9135544341009192,45.48271259772486,9.187570661894133
83854,109536,15.0,9.25,0.6166666666666667,15.29172111121144,2.653076823574977,45.4836255,9.18693935
218306,268180,15.0,9.25,0.6166666666666667,15.29172111121144,-0.488515830014816,45.4836255,9.18693935
104696,135705,15.0,12.0,0.8,68.29496335563931,-2.963495127721241,45.4849403,9.1921751
117005,149491,15.0,12.0,0.8,68.29496335563931,0.1780975258685519,45.4849403,9.1921751
230657,284396,15.0,10.875,0.725,38.18466221861532,1.7531363373846056,45.485508245940196,9.19152418438697
230665,284404,15.0,10.875,0.725,38.18466221861532,-1.3884563162051875,45.48550824594018,9.19152418438697
49453,64602,15.0,42.833333333333336,2.855555555555556,43.63823110205772,-2.074968476444264,45.48576491415074,9.190984613893061
49550,64718,15.0,42.833333333333336,2.855555555555556,43.63823110205772,1.0666241771455294,45.48576491415074,9.190984613893061
54970,71407,15.0,21.77777777777778,1.451851851851852,15.40344360915508,1.016764800911999,45.48482905,9.187139599999997
54973,71410,15.0,21.77777777777778,1.451851851851852,15.40344360915508,-2.1248278526777944,45.48482905,9.187139599999997
182058,224846,15.0,19.1,1.2733333333333334,11.069760491605653,-2.064244493904742,45.48352259561943,9.186963388168442
182061,224849,15.0,19.1,1.2733333333333334,11.069760491605653,1.0773481596850512,45.483522595619434,9.186963388168444
84931,110917,15.0,40.6,2.7066666666666666,23.30589950992364,1.7266613180439083,45.4859436,9.19026405
84951,110938,15.0,40.6,2.7066666666666666,23.30589950992364,-1.414931335545885,45.4859436,9.19026405
83853,109535,15.0,19.1,1.2733333333333334,23.871176001929385,-2.06016076216046,45.48353655,9.186949599999998
83855,109537,15.0,19.1,1.2733333333333334,23.871176001929385,1.0814318914293335,45.48353655,9.186949599999998
54971,71408,15.0,21.77777777777778,1.451851851851852,2.163703392652297,-2.123247835713507,45.484781999999996,9.1870981
144182,182490,15.0,21.77777777777778,1.451851851851852,2.163703392652297,1.0183448178762864,45.484781999999996,9.1870981
45549,59152,15.0,29.6,1.9733333333333332,5.565645733370817,0.9642494869225924,45.4851343,9.18737235
226291,278777,15.0,29.6,1.9733333333333332,5.565645733370817,-2.177343166667201,45.4851343,9.18737235
45550,59153,15.0,26.666666666666668,1.777777777777778,5.865986977411478,-2.155837794391198,45.485104500000006,9.187343550000001
226292,278778,15.0,26.666666666666668,1.777777777777778,5.865986977411478,0.9857548591985952,45.485104500000006,9.187343550000001
84932,110918,15.0,33.833333333333336,2.2555555555555555,60.81602228393479,0.2242091477037764,45.485902247408504,9.190545760155738
84944,110930,15.0,33.833333333333336,2.2555555555555555,60.81602228393479,-2.9173835058860167,45.48590224740852,9.19054576015574
45641,59311,15.0,56.0,3.733333333333333,33.121296678710976,-1.5925282464325357,45.485406364018296,9.187685689137936
45559,59162,15.0,56.0,3.733333333333333,33.121296678710976,1.5490644071572577,45.48540636401829,9.187685689137936
48938,63997,15.0,15.0,1.0,7.203973095345082,2.9732891012684126,45.48574980077273,9.188327500092035
136434,172874,15.0,15.0,1.0,7.203973095345082,-0.1683035523213806,45.48574980077273,9.188327500092035
45558,59161,15.0,56.0,3.733333333333333,12.445975582366176,2.5761172502853267,45.485340500000014,9.187591099999999
45560,59163,15.0,56.0,3.733333333333333,12.445975582366176,-0.5654754033044667,45.485340500000014,9.187591099999999
54967,71404,15.0,20.8,1.3866666666666667,18.09161651320384,1.0168001493048215,45.484727750000005,9.18705025
144183,182491,15.0,20.8,1.3866666666666667,18.09161651320384,-2.124792504284972,45.484727750000005,9.18705025
134562,170794,15.0,12.0,0.8,5.496042949340694,1.26422485359069,45.485737099999994,9.188288149999998
136433,172873,15.0,12.0,0.8,5.496042949340694,-1.8773677999991032,45.485737099999994,9.188288149999998
45639,59309,15.0,56.0,3.733333333333333,17.252077246353867,2.557679438322899,45.48542825,9.18770725
45640,59310,15.0,56.0,3.733333333333333,17.252077246353867,-0.5839132152668941,45.48542825,9.18770725
115290,147571,15.0,17.5,1.1666666666666667,5.999122799856564,-1.7310627969638674,45.482877349999995,9.1873361
128575,163636,15.0,17.5,1.1666666666666667,5.999122799856564,1.410529856625926,45.482877349999995,9.1873361
49256,64372,15.0,17.5,1.1666666666666667,6.996525129979202,2.799076005046279,45.4828513,9.1873614
128574,163635,15.0,17.5,1.1666666666666667,6.996525129979202,-0.3425166485435141,45.4828513,9.1873614
72852,95539,15.0,15.227272727272728,1.0151515151515151,88.22170266680936,-1.68940355659375,45.482787271587746,9.187426923739476
153271,193621,15.0,15.227272727272728,1.0151515151515151,88.22170266680935,1.4521890969960431,45.48278727158774,9.187426923739476
45556,59159,15.0,29.6,1.9733333333333332,6.964721371679754,-2.221527706289924,45.48522235,9.187427549999999
226290,278776,15.0,29.6,1.9733333333333332,6.964721371679754,0.9200649472998692,45.48522235,9.187427549999999
99581,129069,15.0,20.875,1.3916666666666666,2.89119846056225,1.07306220731594,45.48348399999999,9.186933499999999
182060,224848,15.0,20.875,1.3916666666666666,2.89119846056225,-2.0685304462738534,45.48348399999999,9.186933499999999
95366,123660,15.0,29.72222222222222,1.9814814814814812,43.142531125646926,1.7293727906459226,45.48599234463216,9.190120976513272
95367,123661,15.0,29.72222222222222,1.9814814814814812,43.142531125646926,-1.4122198629438705,45.48599234463216,9.190120976513272
45555,59158,15.0,29.6,1.9733333333333332,6.440551245839294,1.055723258419507,45.485257449999985,9.18746075
226289,278775,15.0,29.6,1.9733333333333332,6.440551245839294,-2.085869395170286,45.485257449999985,9.18746075
12886,15809,15.0,11.142857142857142,0.7428571428571428,68.00491833390554,1.7381918670665537,45.48544704547759,9.191696836732426
234314,289766,15.0,11.142857142857142,0.7428571428571428,68.00491833390554,-1.4034007865232396,45.48544704547759,9.191696836732428
134559,170791,15.0,42.0,2.8,68.16021124449188,2.893037212632525,45.485580457222,9.187910753472359
36034,46308,15.0,42.0,2.8,68.16021124449188,-0.2485554409572678,45.48558045722201,9.187910753472359
9520,11283,15.0,16.125,1.075,88.58848972157199,1.6157974684401892,45.4819773,9.189666099999998
54963,71400,15.0,20.6,1.3733333333333335,19.62635417840159,1.0164872332550037,45.484626750000004,9.186961100000001
54968,71405,15.0,20.6,1.3733333333333335,19.62635417840159,-2.1251054203347897,45.484626750000004,9.186961100000001
48935,63994,15.0,15.625,1.0416666666666667,17.962290625089043,1.3812626485144857,45.48580155,9.1883746
49552,64720,15.0,31.6,2.106666666666667,87.88486264460028,0.1934508295677493,45.48569783754878,9.191281504549297
49560,64728,15.0,31.6,2.106666666666667,87.88486264460028,-2.948141824022044,45.48569783754878,9.191281504549297
217020,266620,15.0,13.928571428571429,0.9285714285714286,38.49744349418167,-0.5391550916149841,45.48362443962252,9.1868586816679
99585,129073,15.0,13.928571428571429,0.9285714285714286,38.49744349418167,2.602437561974809,45.48362443962251,9.1868586816679
45562,59165,15.0,41.333333333333336,2.7555555555555555,5.541332561845822,-2.090009071522719,45.48534635,9.18753155
226288,278774,15.0,41.333333333333336,2.7555555555555555,5.541332561845822,1.051583582067074,45.48534635,9.18753155
54966,71403,15.0,22.75,1.5166666666666666,7.58518740742146,2.6416689272141034,45.48469075,9.186977599999999
54969,71406,15.0,22.75,1.5166666666666666,7.58518740742146,-0.4999237263756899,45.48469075,9.186977599999999
115289,147570,15.0,17.714285714285715,1.180952380952381,23.32473479370895,-0.3771476683443777,45.48292319740415,9.187243041786914
115292,147573,15.0,17.714285714285715,1.180952380952381,23.32473479370895,2.764444985245416,45.48292319740415,9.187243041786914
12885,15808,15.0,11.142857142857142,0.7428571428571428,58.72833338650895,1.7381918670665537,45.48545022543986,9.191734552560558
234312,289764,15.0,11.142857142857142,0.7428571428571428,58.72833338650895,-1.4034007865232396,45.48545022543986,9.191734552560558
56354,73013,15.0,17.4,1.16,10.214208954101316,1.1569275177580056,45.48344655744789,9.186908838112517
99583,129071,15.0,17.4,1.16,10.214208954101316,-1.9846651358317875,45.48344655744789,9.186908838112517
45561,59164,15.0,41.333333333333336,2.7555555555555555,5.819558982476535,1.023599428703439,45.485377150000005,9.187557499999997
226287,278773,15.0,41.333333333333336,2.7555555555555555,5.819558982476535,-2.1179932248863547,45.485377150000005,9.187557499999997
91769,119416,15.0,18.291666666666668,1.2194444444444446,83.88826682928591,-1.5362518300679266,45.48197515279093,9.189325457919312
152725,193032,15.0,18.291666666666668,1.2194444444444446,83.88826682928591,1.6053408235218665,45.48197515279093,9.189325457919312
54959,71396,15.0,12.0,0.8,5.492533188078859,1.0157849311214069,45.4845595,9.1869017
54964,71401,15.0,12.0,0.8,5.492533188078859,-2.1258077224683865,45.4845595,9.1869017
91771,119418,15.0,16.125,1.075,91.6917008405288,-1.5116369624061248,45.48195854999999,9.18949265
48121,62880,15.0,11.5,0.7666666666666667,74.75907510705865,2.9734392675421377,45.48512801001539,9.192132651190537
105608,136715,15.0,11.5,0.7666666666666667,74.75907510705865,-0.1681533860476557,45.48512801001539,9.192132651190537
99525,129010,15.0,15.5,1.0333333333333334,34.33102477373573,-2.359138205404371,45.48249357133445,9.18772023932008
153257,193604,15.0,15.5,1.0333333333333334,34.33102477373572,0.7824544481854221,45.48249357133445,9.18772023932008
217533,267234,15.0,14.642857142857142,0.9761904761904762,37.173964487993096,1.7385648866797934,45.48335894770333,9.186923645264562
